tract_fips,location_name,county_name,no_insurance_pct,high_bp_prevalence,heart_disease_prevalence,annual_checkup_pct,smoking_prevalence,diabetes_prevalence,obesity_prevalence,stroke_prevalence,CensusTract,State,County,Urban,LILATracts_1And10,LILATracts_halfAnd10,LILATracts_1And20,lapophalf,lapop1,lapop10,lalowihalf,lalowi1,lalowi10,health_risk_score,health_risk_category,is_food_desert,combined_risk
06085500100,6085500100,Santa Clara,11.3,19.4,3.3,64.0,9.8,8.5,25.9,1.9,6085500100.0,California,Santa Clara County,1.0,0.0,1.0,0.0,1451.62757896632,,,371.940618498251,,,13.680000000000001,Medium Risk,False,Low Risk
06085500200,6085500200,Santa Clara,9.3,19.1,3.3,63.2,9.7,7.6,25.6,1.9,6085500200.0,California,Santa Clara County,1.0,0.0,0.0,0.0,2530.75989851356,,,127.982743225992,,,12.98,Medium Risk,False,Low Risk
06085500300,6085500300,Santa Clara,8.3,22.1,4.2,65.4,10.5,9.2,27.3,2.3,6085500300.0,California,Santa Clara County,1.0,0.0,0.0,0.0,197.288399569225,,,119.961939194822,,,14.220000000000002,Medium Risk,False,Low Risk
06085500400,6085500400,Santa Clara,6.6,24.1,4.6,67.1,8.7,9.2,25.9,2.3,6085500400.0,California,Santa Clara County,1.0,0.0,1.0,0.0,1542.76885187626,,,295.123580950312,,,14.079999999999998,Medium Risk,False,Low Risk
06085500500,6085500500,Santa Clara,5.4,28.6,6.0,71.4,8.7,11.0,25.9,3.0,6085500500.0,California,Santa Clara County,1.0,0.0,0.0,0.0,211.173358298838,,,13.4841004949994,,,15.38,High Risk,False,High Risk: Disease Only
06085500600,6085500600,Santa Clara,6.8,22.5,4.3,66.2,9.7,8.7,25.4,2.3,6085500600.0,California,Santa Clara County,1.0,0.0,0.0,0.0,837.234337199479,,,142.217186556547,,,13.540000000000001,Medium Risk,False,Low Risk
06085500800,6085500800,Santa Clara,7.2,21.2,3.5,64.5,9.2,7.8,25.1,1.9,6085500800.0,California,Santa Clara County,1.0,0.0,0.0,0.0,883.471090853214,,,320.251714289188,,,12.960000000000003,Medium Risk,False,Low Risk
06085500901,6085500901,Santa Clara,8.7,21.7,4.4,65.1,11.3,9.5,26.0,2.6,6085500901.0,California,Santa Clara County,1.0,0.0,0.0,0.0,,,,,,,14.059999999999999,Medium Risk,False,Low Risk
06085500902,6085500902,Santa Clara,14.3,12.6,1.9,60.4,10.2,4.2,25.8,1.3,6085500902.0,California,Santa Clara County,1.0,0.0,0.0,0.0,,,,,,,11.76,Medium Risk,False,Low Risk
06085501000,6085501000,Santa Clara,14.3,27.4,5.2,65.4,12.1,11.5,28.9,3.0,6085501000.0,California,Santa Clara County,1.0,0.0,0.0,0.0,,,,,,,17.46,High Risk,False,High Risk: Disease Only
06085501101,6085501101,Santa Clara,8.3,23.9,4.5,66.8,10.0,10.4,25.1,2.5,6085501101.0,California,Santa Clara County,1.0,0.0,0.0,0.0,,,,,,,14.440000000000001,Medium Risk,False,Low Risk
06085501102,6085501102,Santa Clara,11.8,24.5,4.8,64.3,11.6,11.1,28.6,2.6,6085501102.0,California,Santa Clara County,1.0,0.0,1.0,0.0,1325.29782864661,,,376.287754741032,,,16.16,High Risk,False,High Risk: Disease Only
06085501200,6085501200,Santa Clara,12.4,24.3,5.1,64.9,12.7,11.7,29.1,2.8,6085501200.0,California,Santa Clara County,1.0,0.0,0.0,0.0,,,,,,,16.520000000000003,High Risk,False,High Risk: Disease Only
06085501300,6085501300,Santa Clara,8.9,24.7,5.1,67.1,10.5,10.3,27.9,2.8,6085501300.0,California,Santa Clara County,1.0,0.0,1.0,0.0,670.202842615545,,,332.389855328947,,,15.38,High Risk,False,High Risk: Disease Only
06085501401,6085501401,Santa Clara,17.4,25.4,5.2,64.2,13.8,12.5,31.9,3.0,6085501401.0,California,Santa Clara County,1.0,0.0,0.0,0.0,247.715932101011,,,84.0369038209319,,,18.48,High Risk,False,High Risk: Disease Only
06085501402,6085501402,Santa Clara,16.0,24.1,4.5,65.7,10.0,10.6,29.4,2.5,6085501402.0,California,Santa Clara County,1.0,0.0,0.0,0.0,,,,,,,16.919999999999998,High Risk,False,High Risk: Disease Only
06085501501,6085501501,Santa Clara,14.5,22.9,4.2,63.1,12.1,11.7,26.6,2.4,6085501501.0,California,Santa Clara County,1.0,0.0,0.0,0.0,,,,,,,15.98,High Risk,False,High Risk: Disease Only
06085501502,6085501502,Santa Clara,16.2,22.6,4.3,62.5,13.6,11.2,28.7,2.5,6085501502.0,California,Santa Clara County,1.0,0.0,0.0,0.0,,,,,,,16.6,High Risk,False,High Risk: Disease Only
06085501601,6085501601,Santa Clara,9.9,20.8,3.9,63.4,10.7,8.7,27.5,2.2,,,,1.0,0.0,,,,,,,,,14.160000000000002,Medium Risk,False,Low Risk
06085501602,6085501602,Santa Clara,17.8,20.0,4.0,61.3,16.8,9.9,33.0,2.6,,,,1.0,0.0,,,,,,,,,16.94,High Risk,False,High Risk: Disease Only
06085501700,6085501700,Santa Clara,17.8,22.1,4.1,62.6,12.8,10.5,32.3,2.4,6085501700.0,California,Santa Clara County,1.0,0.0,0.0,0.0,16.3144931793213,,,6.26862287521362,,,17.36,High Risk,False,High Risk: Disease Only
06085501800,6085501800,Santa Clara,9.8,23.3,4.4,66.2,9.6,9.4,27.5,2.3,6085501800.0,California,Santa Clara County,1.0,0.0,0.0,0.0,2018.0840331316,,,406.594666246325,,,14.879999999999999,Medium Risk,False,Low Risk
06085501901,6085501901,Santa Clara,5.5,19.2,3.0,65.7,6.9,7.0,22.5,1.6,,,,1.0,0.0,,,,,,,,,11.440000000000001,Medium Risk,False,Low Risk
06085501902,6085501902,Santa Clara,7.4,17.3,2.6,61.7,10.1,6.5,24.4,1.5,,,,1.0,0.0,,,,,,,,,11.639999999999999,Medium Risk,False,Low Risk
06085502001,6085502001,Santa Clara,9.8,23.0,4.2,65.7,9.6,9.3,26.2,2.3,6085502001.0,California,Santa Clara County,1.0,0.0,1.0,0.0,1527.27099701762,,,313.309819197282,,,14.5,Medium Risk,False,Low Risk
06085502002,6085502002,Santa Clara,13.6,20.8,3.7,63.2,10.4,9.0,28.5,2.1,6085502002.0,California,Santa Clara County,1.0,0.0,0.0,0.0,221.482399225235,,,62.3946700692177,,,15.12,High Risk,False,High Risk: Disease Only
06085502101,6085502101,Santa Clara,6.0,26.2,5.3,69.6,9.3,10.3,25.2,2.8,6085502101.0,California,Santa Clara County,1.0,0.0,0.0,0.0,3910.82497916359,,,618.511825717549,,,14.6,Medium Risk,False,Low Risk
06085502103,6085502103,Santa Clara,13.3,24.1,4.5,63.9,12.3,10.3,29.1,2.6,,,,1.0,0.0,,,,,,,,,16.259999999999998,High Risk,False,High Risk: Disease Only
06085502104,6085502104,Santa Clara,9.5,23.8,4.6,66.7,9.2,9.6,26.1,2.4,,,,1.0,0.0,,,,,,,,,14.719999999999999,Medium Risk,False,Low Risk
06085502202,6085502202,Santa Clara,5.5,25.5,5.3,70.1,8.9,9.8,25.3,2.7,6085502202.0,California,Santa Clara County,1.0,0.0,0.0,0.0,1518.82709783316,,,269.951400846243,,,14.280000000000001,Medium Risk,False,Low Risk
06085502203,6085502203,Santa Clara,7.5,23.3,4.6,68.0,8.0,8.6,23.2,2.4,,,,1.0,0.0,,,,,,,,,13.440000000000001,Medium Risk,False,Low Risk
06085502204,6085502204,Santa Clara,14.6,22.1,4.1,64.1,14.6,10.6,33.0,2.7,,,,1.0,0.0,,,,,,,,,16.880000000000003,High Risk,False,High Risk: Disease Only
06085502301,6085502301,Santa Clara,5.2,24.9,4.8,70.4,6.6,8.4,24.1,2.3,6085502301.0,California,Santa Clara County,1.0,0.0,0.0,0.0,1418.86303925514,,,176.207859158516,,,13.479999999999999,Medium Risk,False,Low Risk
06085502302,6085502302,Santa Clara,7.7,24.0,4.7,67.0,10.2,9.2,26.8,2.5,6085502302.0,California,Santa Clara County,1.0,0.0,0.0,0.0,61.2501945495605,,,8.59210604429245,,,14.48,Medium Risk,False,Low Risk
06085502400,6085502400,Santa Clara,4.9,26.5,5.3,70.1,9.4,9.6,25.5,2.7,6085502400.0,California,Santa Clara County,1.0,0.0,0.0,0.0,1337.30176370777,,,133.962404542603,,,14.360000000000003,Medium Risk,False,Low Risk
06085502500,6085502500,Santa Clara,4.8,25.4,4.9,70.0,8.2,8.8,24.7,2.5,6085502500.0,California,Santa Clara County,1.0,0.0,0.0,0.0,5696.38747382537,215.109440803528,,653.033639031491,4.5087841078639,,13.719999999999999,Medium Risk,False,Low Risk
06085502601,6085502601,Santa Clara,4.0,30.3,6.7,75.0,6.6,10.1,22.2,3.1,6085502601.0,California,Santa Clara County,1.0,0.0,0.0,0.0,730.259428218007,,,36.156507265754,,,14.66,Medium Risk,False,Low Risk
06085502603,6085502603,Santa Clara,4.2,28.1,5.8,71.7,7.7,9.8,24.8,2.8,6085502603.0,California,Santa Clara County,1.0,0.0,0.0,0.0,535.094246327877,,,48.8068180829287,,,14.540000000000001,Medium Risk,False,Low Risk
06085502604,6085502604,Santa Clara,5.8,19.5,3.4,64.7,9.3,6.9,25.3,1.9,6085502604.0,California,Santa Clara County,1.0,0.0,0.0,0.0,58.3833923339844,,,5.59585236012936,,,12.18,Medium Risk,False,Low Risk
06085502701,6085502701,Santa Clara,6.3,26.5,5.1,69.8,8.7,9.8,25.7,2.7,6085502701.0,California,Santa Clara County,1.0,0.0,0.0,0.0,606.211592465639,,,80.700802559033,,,14.679999999999998,Medium Risk,False,Low Risk
06085502703,6085502703,Santa Clara,4.3,24.1,4.4,70.0,7.4,8.8,22.9,2.2,,,,1.0,0.0,,,,,,,,,12.9,Medium Risk,False,Low Risk
06085502704,6085502704,Santa Clara,3.9,24.6,4.5,70.9,6.8,9.0,21.2,2.2,,,,1.0,0.0,,,,,,,,,12.64,Medium Risk,False,Low Risk
06085502800,6085502800,Santa Clara,5.6,25.8,5.4,69.6,9.7,10.2,24.9,2.8,6085502800.0,California,Santa Clara County,1.0,0.0,0.0,0.0,1508.54144800827,,,166.780595454737,,,14.379999999999999,Medium Risk,False,Low Risk
06085502901,6085502901,Santa Clara,5.4,24.9,4.7,69.9,8.0,9.2,24.3,2.4,6085502901.0,California,Santa Clara County,1.0,0.0,0.0,0.0,971.313896417618,,,276.671061933041,,,13.7,Medium Risk,False,Low Risk
06085502902,6085502902,Santa Clara,4.6,25.1,5.0,70.8,6.8,9.1,23.1,2.5,6085502902.0,California,Santa Clara County,1.0,0.0,0.0,0.0,2736.06601196997,,,114.12119049901,,,13.38,Medium Risk,False,Low Risk
06085502903,6085502903,Santa Clara,3.9,26.2,5.1,71.7,6.9,8.9,22.9,2.4,6085502903.0,California,Santa Clara County,1.0,0.0,0.0,0.0,2046.73943942785,,,64.1391930258833,,,13.4,Medium Risk,False,Low Risk
06085502906,6085502906,Santa Clara,6.0,24.7,4.4,68.7,9.1,9.3,25.7,2.4,6085502906.0,California,Santa Clara County,1.0,0.0,0.0,0.0,1134.03917449713,,,205.187935888767,,,14.02,Medium Risk,False,Low Risk
06085502907,6085502907,Santa Clara,4.5,26.9,5.5,71.0,8.6,10.2,24.4,2.8,6085502907.0,California,Santa Clara County,1.0,0.0,0.0,0.0,1542.30795645714,,,169.089604366571,,,14.3,Medium Risk,False,Low Risk
06085502908,6085502908,Santa Clara,6.8,24.7,4.6,69.5,8.1,9.4,24.0,2.4,6085502908.0,California,Santa Clara County,1.0,0.0,0.0,0.0,853.839390277863,,,65.6810752749443,,,13.9,Medium Risk,False,Low Risk
06085502909,6085502909,Santa Clara,6.8,24.2,4.8,68.8,8.2,9.3,25.3,2.5,6085502909.0,California,Santa Clara County,1.0,0.0,0.0,0.0,483.273824691772,,,80.8710913658142,,,14.080000000000002,Medium Risk,False,Low Risk
06085502910,6085502910,Santa Clara,7.6,25.6,5.0,68.8,9.5,9.8,26.0,2.7,6085502910.0,California,Santa Clara County,1.0,0.0,0.0,0.0,,,,,,,14.8,Medium Risk,False,Low Risk
06085503001,6085503001,Santa Clara,4.5,27.0,5.3,71.6,8.0,9.6,24.5,2.6,6085503001.0,California,Santa Clara County,1.0,0.0,0.0,0.0,3421.77685304452,550.62683391571,,287.227988566548,42.8453853130341,,14.180000000000001,Medium Risk,False,Low Risk
06085503002,6085503002,Santa Clara,6.3,27.7,6.4,70.1,9.6,10.3,25.1,3.3,6085503002.0,California,Santa Clara County,1.0,0.0,0.0,0.0,1016.53058308735,,,171.913259014487,,,15.16,High Risk,False,High Risk: Disease Only
06085503003,6085503003,Santa Clara,5.1,26.4,5.3,70.0,9.4,9.8,25.2,2.6,6085503003.0,California,Santa Clara County,1.0,0.0,0.0,0.0,1835.04616943002,,,216.873197844252,,,14.359999999999996,Medium Risk,False,Low Risk
06085503105,6085503105,Santa Clara,12.9,30.3,6.6,69.1,12.5,16.3,22.4,3.8,6085503105.0,California,Santa Clara County,1.0,0.0,1.0,0.0,890.426171422005,,,351.259244695306,,,17.7,High Risk,False,High Risk: Disease Only
06085503110,6085503110,Santa Clara,18.4,24.7,4.7,63.7,13.5,12.9,27.8,2.8,6085503110.0,California,Santa Clara County,1.0,0.0,0.0,0.0,115.650723934174,,,74.430196762085,,,17.7,High Risk,False,High Risk: Disease Only
06085503111,6085503111,Santa Clara,12.1,25.3,4.9,66.8,10.4,13.2,21.8,2.8,6085503111.0,California,Santa Clara County,1.0,0.0,1.0,0.0,4783.53964792937,,,1470.44846832752,,,15.459999999999999,High Risk,False,High Risk: Disease Only
06085503112,6085503112,Santa Clara,15.8,25.3,5.3,64.1,13.9,12.6,30.0,3.1,6085503112.0,California,Santa Clara County,1.0,0.0,0.0,0.0,,,,,,,17.8,High Risk,False,High Risk: Disease Only
06085503113,6085503113,Santa Clara,19.2,25.2,5.2,63.9,14.5,12.7,33.0,3.0,6085503113.0,California,Santa Clara County,1.0,0.0,0.0,0.0,18.3284142017365,,,7.85104322433472,,,19.06,High Risk,False,High Risk: Disease Only
06085503116,6085503116,Santa Clara,10.2,25.6,5.4,67.2,12.1,12.2,25.3,3.1,6085503116.0,California,Santa Clara County,1.0,0.0,1.0,0.0,831.243350505829,,,127.920171946287,,,15.74,High Risk,False,High Risk: Disease Only
06085503117,6085503117,Santa Clara,17.3,26.7,5.1,65.4,12.2,13.8,25.7,3.0,6085503117.0,California,Santa Clara County,1.0,0.0,0.0,0.0,337.739604949951,,,161.937116503716,,,17.72,High Risk,False,High Risk: Disease Only
06085503118,6085503118,Santa Clara,13.1,21.5,3.8,63.4,11.5,10.8,25.7,2.3,6085503118.0,California,Santa Clara County,1.0,0.0,1.0,0.0,5472.88387218118,,,1823.933765769,,,14.979999999999999,Medium Risk,False,Low Risk
06085503121,6085503121,Santa Clara,16.2,27.4,5.3,66.7,12.8,13.0,31.6,3.2,6085503121.0,California,Santa Clara County,1.0,0.0,1.0,0.0,1935.89659521822,,,778.576507726801,,,18.700000000000003,High Risk,False,High Risk: Disease Only
06085503122,6085503122,Santa Clara,12.4,30.4,5.6,67.2,14.0,14.9,25.5,3.3,6085503122.0,California,Santa Clara County,1.0,0.0,1.0,0.0,1830.4374406673,,,746.948870982043,,,17.76,High Risk,False,High Risk: Disease Only
06085503123,6085503123,Santa Clara,13.8,27.6,5.6,66.3,13.7,12.5,29.9,3.3,6085503123.0,California,Santa Clara County,1.0,0.0,1.0,0.0,3570.18421132863,32.6731414794922,,1532.95757196844,17.1188335418701,,17.88,High Risk,False,High Risk: Disease Only
06085503124,6085503124,Santa Clara,12.2,24.0,4.6,65.7,12.6,11.2,28.0,2.8,,,,1.0,0.0,,,,,,,,,16.0,High Risk,False,High Risk: Disease Only
06085503125,6085503125,Santa Clara,4.9,21.0,3.5,67.7,6.9,8.3,22.1,1.9,,,,1.0,0.0,,,,,,,,,11.96,Medium Risk,False,Low Risk
06085503126,6085503126,Santa Clara,8.2,23.4,4.3,66.6,11.7,11.0,23.4,2.6,,,,1.0,0.0,,,,,,,,,14.059999999999999,Medium Risk,False,Low Risk
06085503127,6085503127,Santa Clara,5.1,21.6,3.9,67.3,8.2,8.2,21.4,2.1,,,,1.0,0.0,,,,,,,,,12.040000000000001,Medium Risk,False,Low Risk
06085503207,6085503207,Santa Clara,7.1,27.8,5.3,69.8,9.9,14.5,19.2,3.0,6085503207.0,California,Santa Clara County,1.0,0.0,1.0,0.0,1725.37282410264,,,376.752234047279,,,14.779999999999998,Medium Risk,False,Low Risk
06085503208,6085503208,Santa Clara,14.5,25.6,5.0,66.2,10.4,12.6,26.5,2.8,6085503208.0,California,Santa Clara County,1.0,0.0,1.0,0.0,1566.43863940239,22.5518188476563,,355.925967007875,5.72460651397705,,16.84,High Risk,False,High Risk: Disease Only
06085503210,6085503210,Santa Clara,12.2,24.2,4.8,66.7,10.0,12.7,22.5,2.7,6085503210.0,California,Santa Clara County,1.0,0.0,0.0,0.0,346.56254838407,,,51.2182036153972,,,15.280000000000001,High Risk,False,High Risk: Disease Only
06085503211,6085503211,Santa Clara,11.5,27.5,5.7,67.8,11.6,14.6,22.1,3.2,6085503211.0,California,Santa Clara County,1.0,0.0,1.0,0.0,3683.36859637499,,,523.233420759439,,,16.28,High Risk,False,High Risk: Disease Only
06085503212,6085503212,Santa Clara,9.0,27.6,4.6,69.3,8.8,12.6,19.3,2.5,6085503212.0,California,Santa Clara County,1.0,0.0,1.0,0.0,1509.09381580353,,,469.337833702564,,,14.62,Medium Risk,False,Low Risk
06085503213,6085503213,Santa Clara,12.5,28.3,5.4,68.2,11.9,14.7,22.9,3.2,6085503213.0,California,Santa Clara County,1.0,0.0,1.0,0.0,1034.32656109333,,,358.108236014843,,,16.759999999999998,High Risk,False,High Risk: Disease Only
06085503217,6085503217,Santa Clara,16.8,24.0,4.6,65.6,10.9,12.7,28.0,2.7,6085503217.0,California,Santa Clara County,1.0,0.0,1.0,0.0,888.202536404133,,,322.292189620435,,,17.22,High Risk,False,High Risk: Disease Only
06085503218,6085503218,Santa Clara,20.8,25.2,5.1,63.4,13.9,13.6,30.2,3.1,6085503218.0,California,Santa Clara County,1.0,0.0,0.0,0.0,,,,,,,18.979999999999997,High Risk,False,High Risk: Disease Only
06085503219,6085503219,Santa Clara,14.8,27.2,5.6,66.1,13.7,15.0,25.3,3.4,,,,1.0,0.0,,,,,,,,,17.580000000000002,High Risk,False,High Risk: Disease Only
06085503220,6085503220,Santa Clara,12.9,23.5,4.1,65.1,9.9,11.1,25.7,2.3,,,,1.0,0.0,,,,,,,,,15.460000000000003,High Risk,False,High Risk: Disease Only
06085503221,6085503221,Santa Clara,13.0,30.8,6.8,70.8,11.9,17.5,22.0,4.0,,,,1.0,0.0,,,,,,,,,18.02,High Risk,False,High Risk: Disease Only
06085503222,6085503222,Santa Clara,13.4,25.9,4.9,65.5,12.0,13.5,22.8,2.9,,,,1.0,0.0,,,,,,,,,16.1,High Risk,False,High Risk: Disease Only
06085503304,6085503304,Santa Clara,13.6,28.7,6.4,68.0,11.6,15.7,22.4,3.7,6085503304.0,California,Santa Clara County,1.0,0.0,1.0,0.0,2231.01449742913,,,486.024953640997,,,17.36,High Risk,False,High Risk: Disease Only
06085503305,6085503305,Santa Clara,14.4,29.0,6.8,67.6,14.8,17.7,24.9,4.2,6085503305.0,California,Santa Clara County,1.0,0.0,0.0,0.0,,,,,,,18.560000000000002,High Risk,False,High Risk: Disease Only
06085503306,6085503306,Santa Clara,16.6,26.7,5.3,66.7,10.5,14.0,25.0,3.0,6085503306.0,California,Santa Clara County,1.0,0.0,0.0,0.0,297.120957970619,,,167.338962227106,,,17.52,High Risk,False,High Risk: Disease Only
06085503312,6085503312,Santa Clara,8.5,26.2,5.2,69.2,8.7,11.5,23.3,2.7,6085503312.0,California,Santa Clara County,0.0,0.0,0.0,0.0,3364.99992942526,3076.52133750632,,518.659803435136,433.712209746172,,14.940000000000001,Medium Risk,False,Low Risk
06085503313,6085503313,Santa Clara,6.3,25.4,5.3,72.1,7.1,12.7,19.3,2.8,6085503313.0,California,Santa Clara County,1.0,0.0,0.0,0.0,4582.00000682101,2626.76159443334,,465.802443496767,269.360984241473,,13.8,Medium Risk,False,Low Risk
06085503315,6085503315,Santa Clara,10.0,23.3,4.0,67.4,9.1,11.3,20.4,2.3,6085503315.0,California,Santa Clara County,1.0,0.0,0.0,0.0,,,,,,,13.8,Medium Risk,False,Low Risk
06085503321,6085503321,Santa Clara,6.7,26.5,4.9,70.1,8.8,13.9,16.6,2.7,6085503321.0,California,Santa Clara County,1.0,0.0,0.0,0.0,299.436443328857,,,45.435959815979,,,13.720000000000002,Medium Risk,False,Low Risk
06085503322,6085503322,Santa Clara,10.6,27.1,5.6,69.0,9.5,13.5,22.9,3.2,6085503322.0,California,Santa Clara County,1.0,0.0,0.0,0.0,4173.00000724662,2946.17421364505,,682.83253589063,432.359442738118,,15.939999999999998,High Risk,False,High Risk: Disease Only
06085503323,6085503323,Santa Clara,7.8,25.2,4.5,69.7,8.5,12.0,20.7,2.5,6085503323.0,California,Santa Clara County,1.0,0.0,0.0,0.0,3162.47161906958,227.274753570557,,401.706197872292,21.4513922929764,,14.040000000000001,Medium Risk,False,Low Risk
06085503324,6085503324,Santa Clara,6.5,25.8,4.6,71.1,6.8,12.3,17.1,2.5,6085503324.0,California,Santa Clara County,1.0,0.0,0.0,0.0,1793.16805592179,,,325.688392255455,,,13.26,Medium Risk,False,Low Risk
06085503325,6085503325,Santa Clara,7.8,25.7,4.8,68.4,10.0,13.2,19.9,2.7,6085503325.0,California,Santa Clara County,1.0,0.0,0.0,0.0,1377.19449996948,,,171.13056230545,,,14.279999999999998,Medium Risk,False,Low Risk
06085503326,6085503326,Santa Clara,4.4,23.4,3.9,68.8,8.7,11.8,15.8,2.2,6085503326.0,California,Santa Clara County,1.0,0.0,0.0,0.0,3631.52762213163,254.62760627456,,295.075060762989,20.6620184337371,,11.86,Medium Risk,False,Low Risk
06085503327,6085503327,Santa Clara,7.1,28.5,5.9,70.5,8.9,13.2,20.8,3.1,6085503327.0,California,Santa Clara County,1.0,0.0,0.0,0.0,1579.62293899059,,,308.248475771863,,,15.1,High Risk,False,High Risk: Disease Only
06085503329,6085503329,Santa Clara,3.5,23.3,3.7,70.4,6.3,10.7,16.0,2.0,6085503329.0,California,Santa Clara County,1.0,0.0,0.0,0.0,92.8378125429153,,,5.70382161438465,,,11.440000000000001,Medium Risk,False,Low Risk
06085503330,6085503330,Santa Clara,3.2,21.0,3.2,70.7,5.0,9.9,14.2,1.8,6085503330.0,California,Santa Clara County,1.0,0.0,0.0,0.0,5772.15867379072,1142.75273187223,,372.531760032355,46.1816983994293,,10.3,Medium Risk,False,Low Risk
06085503331,6085503331,Santa Clara,5.4,33.7,8.0,76.0,7.8,14.6,21.4,4.0,6085503331.0,California,Santa Clara County,1.0,0.0,0.0,0.0,3173.00001817942,1619.21001988649,,246.621518399566,170.71836464107,,16.62,High Risk,False,High Risk: Disease Only
06085503332,6085503332,Santa Clara,3.7,37.4,9.4,79.9,5.9,13.9,19.5,4.3,6085503332.0,California,Santa Clara County,1.0,0.0,0.0,0.0,5363.00002358737,4963.62144337478,,478.06116380397,402.906971497869,,16.779999999999998,High Risk,False,High Risk: Disease Only
06085503333,6085503333,Santa Clara,6.2,24.1,4.2,69.3,7.7,11.1,20.6,2.3,6085503333.0,California,Santa Clara County,1.0,0.0,0.0,0.0,4256.10938289762,,,397.963032802567,,,13.24,Medium Risk,False,Low Risk
06085503336,6085503336,Santa Clara,9.2,25.7,4.8,69.0,8.8,13.4,20.6,2.7,6085503336.0,California,Santa Clara County,1.0,0.0,0.0,0.0,116.171727180481,,,21.7777879238129,,,14.74,Medium Risk,False,Low Risk
06085503337,6085503337,Santa Clara,8.3,25.0,4.4,69.3,8.5,12.5,19.1,2.5,6085503337.0,California,Santa Clara County,1.0,0.0,1.0,0.0,1050.9665496517,,,303.161627225112,,,13.86,Medium Risk,False,Low Risk
06085503338,6085503338,Santa Clara,3.5,22.6,3.6,70.4,6.4,10.2,15.8,1.9,,,,1.0,0.0,,,,,,,,,11.14,Medium Risk,False,Low Risk
06085503339,6085503339,Santa Clara,3.3,24.8,4.3,72.2,5.9,10.4,17.1,2.2,,,,1.0,0.0,,,,,,,,,11.98,Medium Risk,False,Low Risk
06085503401,6085503401,Santa Clara,20.8,25.5,5.4,63.7,12.8,13.9,30.4,3.1,6085503401.0,California,Santa Clara County,1.0,0.0,1.0,0.0,1091.45473063737,,,331.999441666529,,,19.2,High Risk,False,High Risk: Disease Only
06085503402,6085503402,Santa Clara,19.9,25.8,5.9,66.0,12.8,14.9,29.0,3.5,6085503402.0,California,Santa Clara County,1.0,0.0,1.0,0.0,1490.36140394211,,,858.730287104845,,,19.1,High Risk,False,High Risk: Disease Only
06085503504,6085503504,Santa Clara,17.9,25.0,5.0,65.6,10.2,13.1,28.7,2.8,6085503504.0,California,Santa Clara County,1.0,0.0,1.0,0.0,1549.54040646553,,,343.426580652595,,,17.939999999999998,High Risk,False,High Risk: Disease Only
06085503506,6085503506,Santa Clara,17.2,26.9,5.3,64.7,13.8,14.1,28.4,3.1,6085503506.0,California,Santa Clara County,1.0,0.0,1.0,0.0,4290.90160935,,,1376.47328015498,,,18.38,High Risk,False,High Risk: Disease Only
06085503507,6085503507,Santa Clara,18.7,24.9,4.9,64.2,12.1,13.0,29.3,2.8,6085503507.0,California,Santa Clara County,1.0,0.0,0.0,0.0,229.182173728943,,,61.7281500101089,,,18.16,High Risk,False,High Risk: Disease Only
06085503508,6085503508,Santa Clara,18.4,25.1,5.1,64.1,12.1,12.8,28.9,2.9,6085503508.0,California,Santa Clara County,1.0,0.0,1.0,0.0,3082.85558366776,,,984.546853020787,,,18.060000000000002,High Risk,False,High Risk: Disease Only
06085503509,6085503509,Santa Clara,15.7,24.5,4.9,63.7,12.2,12.7,25.4,2.8,6085503509.0,California,Santa Clara County,1.0,1.0,1.0,1.0,4039.99995748326,2318.30721084401,,1087.95522399247,575.658127889037,,16.64,High Risk,True,High Risk: Desert + Disease
06085503510,6085503510,Santa Clara,16.7,24.2,4.9,65.3,10.4,12.3,28.4,2.7,6085503510.0,California,Santa Clara County,1.0,0.0,1.0,0.0,2115.55999445915,,,574.956710547209,,,17.3,High Risk,False,High Risk: Disease Only
06085503511,6085503511,Santa Clara,12.6,26.9,5.5,66.3,12.4,14.3,23.6,3.2,6085503511.0,California,Santa Clara County,1.0,0.0,0.0,0.0,3664.99994039536,29.0256538391113,,785.951117694378,8.14532375335693,,16.580000000000002,High Risk,False,High Risk: Disease Only
06085503601,6085503601,Santa Clara,16.0,25.8,5.7,64.5,14.4,12.8,29.1,3.3,6085503601.0,California,Santa Clara County,1.0,0.0,0.0,0.0,64.4687747955322,,,32.7949855327606,,,17.880000000000003,High Risk,False,High Risk: Disease Only
06085503602,6085503602,Santa Clara,17.0,24.9,4.9,66.2,10.5,12.7,26.9,2.8,6085503602.0,California,Santa Clara County,1.0,0.0,0.0,0.0,,,,,,,17.28,High Risk,False,High Risk: Disease Only
06085503703,6085503703,Santa Clara,18.9,24.8,4.7,64.5,11.5,13.0,28.4,2.7,6085503703.0,California,Santa Clara County,1.0,0.0,0.0,0.0,409.062692642212,,,141.132997512817,,,17.959999999999997,High Risk,False,High Risk: Disease Only
06085503707,6085503707,Santa Clara,13.2,23.9,4.5,67.4,10.4,13.0,25.1,2.7,6085503707.0,California,Santa Clara County,1.0,0.0,1.0,0.0,1833.72735772654,,,444.309865356423,,,15.940000000000001,High Risk,False,High Risk: Disease Only
06085503708,6085503708,Santa Clara,8.6,28.8,5.6,68.9,11.6,15.6,19.6,3.3,6085503708.0,California,Santa Clara County,1.0,0.0,1.0,0.0,594.62288376689,,,87.6414664722979,,,15.639999999999997,High Risk,False,High Risk: Disease Only
06085503709,6085503709,Santa Clara,12.9,29.6,5.7,68.3,13.2,15.6,23.1,3.6,6085503709.0,California,Santa Clara County,1.0,0.0,1.0,0.0,2891.42034849687,,,1915.0221947587,,,17.380000000000003,High Risk,False,High Risk: Disease Only
06085503710,6085503710,Santa Clara,16.6,27.9,6.0,66.8,11.7,14.9,26.9,3.5,6085503710.0,California,Santa Clara County,1.0,0.0,1.0,0.0,3065.45134993084,,,1476.68172113784,,,18.459999999999997,High Risk,False,High Risk: Disease Only
06085503711,6085503711,Santa Clara,20.0,25.2,5.1,64.5,12.4,13.4,30.8,3.0,6085503711.0,California,Santa Clara County,1.0,0.0,1.0,0.0,1173.00913536549,,,529.744111612439,,,18.9,High Risk,False,High Risk: Disease Only
06085503712,6085503712,Santa Clara,16.1,30.7,6.6,70.2,11.4,16.3,25.0,4.0,6085503712.0,California,Santa Clara County,1.0,0.0,1.0,0.0,1495.751525948,,,640.092394994776,,,18.939999999999998,High Risk,False,High Risk: Disease Only
06085503713,6085503713,Santa Clara,19.8,31.0,7.1,67.6,14.0,16.6,28.5,4.3,6085503713.0,California,Santa Clara County,1.0,0.0,0.0,0.0,,,,,,,20.6,Critical Risk,False,High Risk: Disease Only
06085503802,6085503802,Santa Clara,10.7,25.7,5.0,67.0,10.8,12.3,23.5,2.8,6085503802.0,California,Santa Clara County,1.0,0.0,1.0,0.0,2866.08512291056,,,773.318036599419,,,15.440000000000001,High Risk,False,High Risk: Disease Only
06085503803,6085503803,Santa Clara,8.6,28.0,5.3,69.2,10.6,13.7,20.0,3.0,6085503803.0,California,Santa Clara County,1.0,0.0,1.0,0.0,3337.80279558897,,,894.687882825732,,,15.12,High Risk,False,High Risk: Disease Only
06085503804,6085503804,Santa Clara,10.1,26.2,5.4,68.0,11.5,13.4,21.6,3.1,6085503804.0,California,Santa Clara County,1.0,0.0,0.0,0.0,902.347466923296,,,100.945556568913,,,15.34,High Risk,False,High Risk: Disease Only
06085503902,6085503902,Santa Clara,17.4,26.3,5.4,65.4,12.4,13.1,28.5,3.1,6085503902.0,California,Santa Clara County,1.0,0.0,1.0,0.0,1205.58690121491,,,361.035964865936,,,18.139999999999997,High Risk,False,High Risk: Disease Only
06085503903,6085503903,Santa Clara,12.2,26.6,5.8,67.9,10.5,13.8,23.6,3.2,6085503903.0,California,Santa Clara County,1.0,0.0,0.0,0.0,,,,,,,16.400000000000002,High Risk,False,High Risk: Disease Only
06085504001,6085504001,Santa Clara,16.3,25.1,4.9,64.8,12.0,12.8,29.2,2.8,6085504001.0,California,Santa Clara County,1.0,0.0,0.0,0.0,,,,,,,17.66,High Risk,False,High Risk: Disease Only
06085504002,6085504002,Santa Clara,14.8,25.4,5.2,65.7,11.6,13.4,26.8,3.0,6085504002.0,California,Santa Clara County,1.0,0.0,1.0,0.0,740.340055465698,,,151.629663586617,,,17.12,High Risk,False,High Risk: Disease Only
06085504101,6085504101,Santa Clara,17.7,26.4,5.9,64.7,13.9,13.8,28.9,3.4,6085504101.0,California,Santa Clara County,1.0,0.0,1.0,0.0,3513.5068286212,5.67774295806885,,1269.58672212312,0.888796091079712,,18.54,High Risk,False,High Risk: Disease Only
06085504102,6085504102,Santa Clara,18.1,26.8,5.7,65.6,13.3,14.2,30.1,3.3,6085504102.0,California,Santa Clara County,1.0,0.0,1.0,0.0,2294.15618222207,133.790613651276,,296.986929096282,14.2358058691025,,18.98,High Risk,False,High Risk: Disease Only
06085504201,6085504201,Santa Clara,6.9,25.9,5.4,69.8,8.1,10.6,24.1,2.7,6085504201.0,California,Santa Clara County,1.0,0.0,0.0,0.0,3546.21297422051,566.171173516654,,328.023473009428,56.6737287705373,,14.580000000000002,Medium Risk,False,Low Risk
06085504202,6085504202,Santa Clara,7.0,27.4,5.6,70.6,8.3,11.6,23.8,2.8,6085504202.0,California,Santa Clara County,1.0,0.0,0.0,0.0,4529.99998895184,2698.35727890453,,368.377371744391,199.780254756937,,15.080000000000002,High Risk,False,High Risk: Disease Only
06085504307,6085504307,Santa Clara,6.3,24.4,4.3,70.3,7.4,11.4,17.9,2.3,6085504307.0,California,Santa Clara County,1.0,0.0,0.0,0.0,1483.1640920639,,,249.997748017311,,,12.86,Medium Risk,False,Low Risk
06085504308,6085504308,Santa Clara,6.1,28.5,6.0,71.3,8.1,13.1,19.3,3.3,6085504308.0,California,Santa Clara County,1.0,0.0,0.0,0.0,4415.00004653565,2848.94487534396,,632.035607918711,509.636203425551,,14.6,Medium Risk,False,Low Risk
06085504311,6085504311,Santa Clara,4.8,22.0,3.6,68.0,7.4,10.6,16.1,2.1,6085504311.0,California,Santa Clara County,1.0,0.0,0.0,0.0,4214.60323810577,263.148988723755,,907.693170279264,66.7315604686737,,11.419999999999998,Medium Risk,False,Low Risk
06085504314,6085504314,Santa Clara,5.5,25.3,4.4,70.4,7.4,11.8,17.9,2.4,6085504314.0,California,Santa Clara County,1.0,0.0,0.0,0.0,3026.28669434786,766.502705156803,,815.458097577095,266.381547927856,,12.98,Medium Risk,False,Low Risk
06085504315,6085504315,Santa Clara,5.2,24.1,4.2,70.2,6.8,11.3,17.5,2.2,6085504315.0,California,Santa Clara County,1.0,0.0,0.0,0.0,5882.22917796241,2486.65454586502,,879.302421484084,461.808622892248,,12.46,Medium Risk,False,Low Risk
06085504316,6085504316,Santa Clara,6.5,24.8,4.4,68.3,9.2,12.0,18.1,2.4,6085504316.0,California,Santa Clara County,1.0,0.0,0.0,0.0,3713.18172597885,37.4228324890137,,489.401361167431,8.33242797851563,,13.16,Medium Risk,False,Low Risk
06085504317,6085504317,Santa Clara,5.9,24.8,4.7,70.3,6.8,11.9,16.3,2.5,6085504317.0,California,Santa Clara County,1.0,0.0,0.0,0.0,2166.20543476939,224.670394897461,,153.125570842996,14.2920095324516,,12.72,Medium Risk,False,Low Risk
06085504318,6085504318,Santa Clara,10.4,24.7,4.7,66.9,10.5,12.3,22.1,2.7,6085504318.0,California,Santa Clara County,1.0,1.0,1.0,1.0,5187.79896156209,539.478514373302,,1887.248383597,149.330779016018,,14.84,Medium Risk,True,Moderate Risk: Desert Only
06085504319,6085504319,Santa Clara,5.5,21.8,3.6,68.7,6.7,10.1,17.2,1.9,6085504319.0,California,Santa Clara County,1.0,0.0,0.0,0.0,6758.07929628016,2360.89575719135,,1376.80709443334,470.237398049794,,11.64,Medium Risk,False,Low Risk
06085504320,6085504320,Santa Clara,6.1,27.7,5.6,71.1,9.4,14.4,18.3,3.1,6085504320.0,California,Santa Clara County,1.0,0.0,0.0,0.0,556.816431760788,,,55.5545209050179,,,14.419999999999998,Medium Risk,False,Low Risk
06085504321,6085504321,Santa Clara,6.4,23.9,4.4,67.7,9.4,11.7,18.0,2.5,6085504321.0,California,Santa Clara County,1.0,0.0,0.0,0.0,136.147613525391,,,9.80939340591431,,,12.88,Medium Risk,False,Low Risk
06085504322,6085504322,Santa Clara,5.2,18.6,2.6,65.0,7.5,7.7,17.4,1.5,6085504322.0,California,Santa Clara County,1.0,0.0,0.0,0.0,252.640863766894,,,47.4609677186236,,,10.3,Medium Risk,False,Low Risk
06085504323,6085504323,Santa Clara,6.1,22.5,4.0,67.7,8.1,11.0,16.8,2.2,6085504323.0,California,Santa Clara County,1.0,0.0,0.0,0.0,2547.1763594225,,,439.377247255296,,,12.08,Medium Risk,False,Low Risk
06085504410,6085504410,Santa Clara,9.1,27.6,4.9,68.9,10.2,12.9,19.8,2.8,6085504410.0,California,Santa Clara County,1.0,0.0,0.0,0.0,688.819029420614,,,43.3069710694253,,,14.86,Medium Risk,False,Low Risk
06085504411,6085504411,Santa Clara,7.0,25.6,4.9,69.0,9.5,12.5,19.1,2.7,6085504411.0,California,Santa Clara County,1.0,0.0,0.0,0.0,4140.718630597,383.19814658165,,380.020593876019,29.8931457698345,,13.819999999999999,Medium Risk,False,Low Risk
06085504412,6085504412,Santa Clara,8.4,24.2,4.2,67.3,9.4,11.8,19.2,2.4,6085504412.0,California,Santa Clara County,1.0,0.0,1.0,0.0,2251.18279743195,,,421.779438048601,,,13.560000000000002,Medium Risk,False,Low Risk
06085504413,6085504413,Santa Clara,4.5,27.0,5.0,72.5,6.1,12.6,15.1,2.8,6085504413.0,California,Santa Clara County,1.0,0.0,0.0,0.0,43.1593112945557,,,6.19447219371796,,,12.84,Medium Risk,False,Low Risk
06085504414,6085504414,Santa Clara,4.9,26.4,5.1,72.2,6.3,13.2,15.7,2.8,6085504414.0,California,Santa Clara County,1.0,0.0,0.0,0.0,864.566998956725,,,96.5582327042939,,,13.059999999999999,Medium Risk,False,Low Risk
06085504415,6085504415,Santa Clara,4.7,25.7,4.6,71.0,6.9,11.7,16.7,2.5,6085504415.0,California,Santa Clara County,1.0,0.0,0.0,0.0,4968.48938596249,712.294624328613,,810.189482927322,106.461220651865,,12.680000000000001,Medium Risk,False,Low Risk
06085504416,6085504416,Santa Clara,5.1,23.7,4.0,69.2,7.9,10.6,17.4,2.1,6085504416.0,California,Santa Clara County,1.0,0.0,0.0,0.0,1124.54071235657,,,124.577824115753,,,12.16,Medium Risk,False,Low Risk
06085504418,6085504418,Santa Clara,10.4,24.8,4.8,66.8,11.2,12.8,21.0,2.8,6085504418.0,California,Santa Clara County,1.0,0.0,0.0,0.0,264.706008672714,,,66.2818434238434,,,14.760000000000002,Medium Risk,False,Low Risk
06085504421,6085504421,Santa Clara,5.2,25.5,4.8,70.7,7.5,12.5,17.3,2.6,6085504421.0,California,Santa Clara County,1.0,0.0,0.0,0.0,458.266076834872,,,60.0651069196174,,,13.059999999999999,Medium Risk,False,Low Risk
06085504422,6085504422,Santa Clara,7.8,26.4,5.3,70.9,8.8,13.9,19.7,3.0,6085504422.0,California,Santa Clara County,1.0,0.0,0.0,0.0,231.866661429405,,,27.391151279211,,,14.62,Medium Risk,False,Low Risk
06085504423,6085504423,Santa Clara,6.1,25.4,4.9,69.1,8.6,11.5,19.8,2.6,6085504423.0,California,Santa Clara County,1.0,0.0,0.0,0.0,2372.99999185652,,,373.981233439408,,,13.540000000000001,Medium Risk,False,Low Risk
06085504424,6085504424,Santa Clara,5.3,26.6,5.1,71.0,8.9,13.3,17.9,2.8,,,,1.0,0.0,,,,,,,,,13.64,Medium Risk,False,Low Risk
06085504505,6085504505,Santa Clara,4.3,16.6,2.3,64.4,5.6,6.7,15.1,1.3,6085504505.0,California,Santa Clara County,1.0,0.0,0.0,0.0,4397.71026527882,591.768764615059,,1025.97546429932,121.048391833901,,9.0,Low Risk,False,Low Risk
06085504506,6085504506,Santa Clara,5.6,23.4,3.8,68.0,8.4,10.5,17.4,2.1,6085504506.0,California,Santa Clara County,1.0,0.0,0.0,0.0,1873.63508073241,,,275.409933519666,,,12.139999999999999,Medium Risk,False,Low Risk
06085504507,6085504507,Santa Clara,6.7,24.6,4.6,69.2,8.9,11.9,18.7,2.5,6085504507.0,California,Santa Clara County,1.0,0.0,0.0,0.0,836.809326648712,,,182.939527988434,,,13.3,Medium Risk,False,Low Risk
06085504508,6085504508,Santa Clara,13.2,20.1,3.2,60.1,11.9,9.0,22.8,1.9,,,,1.0,0.0,,,,,,,,,13.66,Medium Risk,False,Low Risk
06085504509,6085504509,Santa Clara,3.3,13.2,1.5,64.1,3.7,5.1,12.8,0.9,,,,1.0,0.0,,,,,,,,,7.179999999999998,Low Risk,False,Low Risk
06085504510,6085504510,Santa Clara,4.8,18.4,2.7,65.8,7.3,8.2,15.7,1.6,,,,1.0,0.0,,,,,,,,,9.959999999999999,Low Risk,False,Low Risk
06085504601,6085504601,Santa Clara,8.2,23.9,4.8,66.0,10.9,10.2,25.7,2.6,6085504601.0,California,Santa Clara County,1.0,0.0,1.0,0.0,813.727352709742,113.478805221617,,215.141574262059,30.0026885960251,,14.559999999999999,Medium Risk,False,Low Risk
06085504602,6085504602,Santa Clara,13.6,26.6,5.4,65.8,11.6,12.3,27.2,3.0,6085504602.0,California,Santa Clara County,1.0,1.0,1.0,1.0,2096.98870491024,1303.3372231086,,332.279168548323,206.52081117223,,17.02,High Risk,True,High Risk: Desert + Disease
06085504700,6085504700,Santa Clara,6.1,17.5,2.6,62.7,10.0,6.0,26.1,1.5,6085504700.0,California,Santa Clara County,1.0,1.0,1.0,1.0,718.999998569489,482.057231903076,,228.724594116211,153.349575042725,,11.66,Medium Risk,True,Moderate Risk: Desert Only
06085504802,6085504802,Santa Clara,7.2,23.4,4.4,68.2,8.2,10.5,20.7,2.4,6085504802.0,California,Santa Clara County,1.0,0.0,0.0,0.0,145.580665938556,,,28.7663900516927,,,13.24,Medium Risk,False,Low Risk
06085504805,6085504805,Santa Clara,6.3,25.3,4.9,68.5,9.0,10.2,22.9,2.6,6085504805.0,California,Santa Clara County,1.0,0.0,0.0,0.0,692.559813201195,,,150.888957894407,,,13.919999999999998,Medium Risk,False,Low Risk
06085504806,6085504806,Santa Clara,8.1,25.2,4.8,67.8,9.3,11.7,21.7,2.6,6085504806.0,California,Santa Clara County,1.0,0.0,0.0,0.0,767.392446517944,,,120.502064228058,,,14.3,Medium Risk,False,Low Risk
06085504807,6085504807,Santa Clara,3.7,16.3,2.4,65.5,4.2,5.7,15.5,1.2,,,,1.0,0.0,,,,,,,,,8.720000000000002,Low Risk,False,Low Risk
06085504808,6085504808,Santa Clara,9.3,22.9,4.1,66.4,9.7,10.1,25.3,2.3,,,,1.0,0.0,,,,,,,,,14.34,Medium Risk,False,Low Risk
06085504902,6085504902,Santa Clara,4.1,17.5,2.5,65.9,6.2,7.1,17.6,1.4,,,,1.0,0.0,,,,,,,,,9.760000000000002,Low Risk,False,Low Risk
06085504903,6085504903,Santa Clara,3.9,14.5,1.9,63.4,6.0,5.4,16.1,1.1,,,,1.0,0.0,,,,,,,,,8.360000000000001,Low Risk,False,Low Risk
06085505006,6085505006,Santa Clara,3.5,13.4,1.6,61.6,6.4,4.7,16.4,1.0,6085505006.0,California,Santa Clara County,1.0,0.0,0.0,0.0,3857.00194128157,3795.8782211118,,285.463895062113,281.162200769581,,7.92,Low Risk,False,Low Risk
06085505007,6085505007,Santa Clara,8.0,26.6,5.5,69.2,9.7,12.3,21.3,3.0,6085505007.0,California,Santa Clara County,1.0,0.0,0.0,0.0,2166.13173902035,61.4835851043463,,374.246341651378,3.11121754487976,,14.74,Medium Risk,False,Low Risk
06085505010,6085505010,Santa Clara,5.4,21.4,3.6,67.6,7.1,9.5,19.0,2.0,,,,1.0,0.0,,,,,,,,,11.78,Medium Risk,False,Low Risk
06085505011,6085505011,Santa Clara,4.3,17.4,2.5,65.5,5.5,6.8,17.5,1.4,,,,1.0,0.0,,,,,,,,,9.7,Low Risk,False,Low Risk
06085505012,6085505012,Santa Clara,2.9,10.6,1.2,61.1,3.9,3.3,14.9,0.7,,,,1.0,0.0,,,,,,,,,6.58,Low Risk,False,Low Risk
06085505013,6085505013,Santa Clara,3.8,11.0,1.2,60.1,5.3,3.6,15.0,0.7,,,,1.0,0.0,,,,,,,,,6.92,Low Risk,False,Low Risk
06085505014,6085505014,Santa Clara,5.8,17.5,2.5,62.6,8.6,6.7,20.5,1.5,,,,1.0,0.0,,,,,,,,,10.6,Medium Risk,False,Low Risk
06085505015,6085505015,Santa Clara,7.2,17.0,2.7,62.3,8.4,6.9,20.4,1.5,,,,1.0,0.0,,,,,,,,,10.84,Medium Risk,False,Low Risk
06085505100,6085505100,Santa Clara,8.4,21.6,3.8,66.9,8.2,9.2,23.4,2.2,6085505100.0,California,Santa Clara County,1.0,0.0,0.0,0.0,3011.32786211465,2011.37356185261,,909.165590281598,568.011463816278,,13.280000000000001,Medium Risk,False,Low Risk
06085505202,6085505202,Santa Clara,8.3,20.4,3.5,64.6,8.7,8.2,22.8,1.9,6085505202.0,California,Santa Clara County,1.0,0.0,1.0,0.0,1304.76534984396,8.69665458297823,,396.699025233637,3.46816661691992,,12.64,Medium Risk,False,Low Risk
06085505203,6085505203,Santa Clara,6.9,14.3,2.4,61.8,8.7,5.4,22.6,1.5,6085505203.0,California,Santa Clara County,1.0,0.0,1.0,0.0,954.861599504948,,,304.063440203667,,,10.32,Medium Risk,False,Low Risk
06085505301,6085505301,Santa Clara,5.8,19.6,3.0,65.7,6.8,7.8,20.1,1.6,6085505301.0,California,Santa Clara County,1.0,0.0,0.0,0.0,2785.51997798681,,,665.717706777155,,,11.26,Medium Risk,False,Low Risk
06085505302,6085505302,Santa Clara,5.6,23.5,4.4,69.7,6.2,9.4,20.0,2.2,6085505302.0,California,Santa Clara County,1.0,0.0,0.0,0.0,3486.2016261071,,,619.501963999122,,,12.58,Medium Risk,False,Low Risk
06085505303,6085505303,Santa Clara,7.8,21.7,3.9,65.3,10.1,9.6,22.3,2.2,6085505303.0,California,Santa Clara County,1.0,0.0,0.0,0.0,177.454171389341,,,31.2997737079859,,,13.059999999999999,Medium Risk,False,Low Risk
06085505304,6085505304,Santa Clara,6.1,25.1,4.8,69.3,8.3,10.5,20.7,2.5,6085505304.0,California,Santa Clara County,1.0,0.0,0.0,0.0,2025.81738784909,,,166.762361001223,,,13.440000000000001,Medium Risk,False,Low Risk
06085505305,6085505305,Santa Clara,4.7,22.0,3.9,69.1,5.4,8.3,18.6,1.9,6085505305.0,California,Santa Clara County,1.0,0.0,0.0,0.0,1030.36092733592,,,118.901035819203,,,11.500000000000002,Medium Risk,False,Low Risk
06085505401,6085505401,Santa Clara,4.9,17.3,2.8,65.3,6.4,6.9,18.1,1.5,6085505401.0,California,Santa Clara County,1.0,0.0,0.0,0.0,,,,,,,10.0,Low Risk,False,Low Risk
06085505402,6085505402,Santa Clara,6.1,25.1,4.6,69.4,7.8,10.1,21.5,2.4,6085505402.0,California,Santa Clara County,1.0,0.0,0.0,0.0,1222.88147819042,,,198.595333904028,,,13.48,Medium Risk,False,Low Risk
06085505403,6085505403,Santa Clara,5.6,18.2,3.2,63.6,9.6,7.6,19.9,1.8,6085505403.0,California,Santa Clara County,1.0,0.0,0.0,0.0,,,,,,,10.9,Medium Risk,False,Low Risk
06085505500,6085505500,Santa Clara,5.6,23.8,4.4,68.6,8.2,9.2,23.2,2.3,6085505500.0,California,Santa Clara County,1.0,0.0,0.0,0.0,642.513719558716,,,95.09337246418,,,13.239999999999998,Medium Risk,False,Low Risk
06085505600,6085505600,Santa Clara,6.4,18.6,3.3,64.3,7.9,6.6,21.5,1.8,6085505600.0,California,Santa Clara County,1.0,0.0,1.0,0.0,1860.15995264053,,,641.63631695509,,,11.28,Medium Risk,False,Low Risk
06085505700,6085505700,Santa Clara,6.6,21.5,4.0,66.6,8.7,8.5,25.3,2.3,6085505700.0,California,Santa Clara County,1.0,0.0,1.0,0.0,3505.4486706499,,,1645.05135123269,,,13.179999999999998,Medium Risk,False,Low Risk
06085505800,6085505800,Santa Clara,5.6,25.2,4.6,69.2,8.4,9.2,24.5,2.4,6085505800.0,California,Santa Clara County,1.0,0.0,0.0,0.0,3051.54342883825,,,214.589070416347,,,13.819999999999999,Medium Risk,False,Low Risk
06085505901,6085505901,Santa Clara,5.1,21.8,3.9,67.1,8.4,8.4,21.1,2.0,,,,1.0,0.0,,,,,,,,,12.06,Medium Risk,False,Low Risk
06085505902,6085505902,Santa Clara,6.8,25.5,5.3,68.5,9.0,9.8,23.3,2.8,,,,1.0,0.0,,,,,,,,,14.14,Medium Risk,False,Low Risk
06085506000,6085506000,Santa Clara,5.4,21.7,3.9,68.3,6.8,8.0,21.6,2.0,6085506000.0,California,Santa Clara County,1.0,0.0,0.0,0.0,2580.48306587338,,,448.937913901871,,,12.120000000000001,Medium Risk,False,Low Risk
06085506101,6085506101,Santa Clara,5.0,25.6,5.0,70.0,7.9,9.8,21.3,2.5,6085506101.0,California,Santa Clara County,1.0,0.0,0.0,0.0,1539.65147772431,,,121.765437084716,,,13.34,Medium Risk,False,Low Risk
06085506102,6085506102,Santa Clara,3.8,21.9,4.2,68.7,6.3,8.5,18.7,2.1,6085506102.0,California,Santa Clara County,1.0,0.0,0.0,0.0,59.27787733078,,,3.24690088629723,,,11.419999999999998,Medium Risk,False,Low Risk
06085506103,6085506103,Santa Clara,4.2,23.2,4.1,69.8,6.2,9.6,18.7,2.1,6085506103.0,California,Santa Clara County,1.0,0.0,0.0,0.0,1686.49674606063,,,216.27364420915,,,11.959999999999999,Medium Risk,False,Low Risk
06085506202,6085506202,Santa Clara,4.1,25.5,4.9,71.2,7.1,10.2,19.1,2.5,6085506202.0,California,Santa Clara County,1.0,0.0,0.0,0.0,3761.54981562495,,,268.785398530657,,,12.760000000000002,Medium Risk,False,Low Risk
06085506203,6085506203,Santa Clara,5.6,18.6,3.0,67.0,6.6,8.0,18.0,1.7,6085506203.0,California,Santa Clara County,1.0,0.0,0.0,0.0,,,,,,,10.64,Medium Risk,False,Low Risk
06085506204,6085506204,Santa Clara,4.1,22.4,3.8,70.1,6.4,9.3,18.4,2.0,6085506204.0,California,Santa Clara County,1.0,0.0,0.0,0.0,1623.81841746811,,,28.2124058875434,,,11.6,Medium Risk,False,Low Risk
06085506301,6085506301,Santa Clara,7.0,22.9,4.0,67.6,8.3,9.1,23.3,2.2,6085506301.0,California,Santa Clara County,1.0,0.0,0.0,0.0,946.113262176514,,,197.695618957281,,,13.26,Medium Risk,False,Low Risk
06085506302,6085506302,Santa Clara,4.9,23.0,4.2,69.1,7.0,8.8,21.6,2.1,6085506302.0,California,Santa Clara County,1.0,0.0,0.0,0.0,1767.15340420604,,,71.05797261931,,,12.5,Medium Risk,False,Low Risk
06085506304,6085506304,Santa Clara,6.8,20.1,3.2,65.6,8.4,8.0,23.0,1.8,6085506304.0,California,Santa Clara County,1.0,0.0,0.0,0.0,2003.20968818665,,,448.87214756012,,,12.22,Medium Risk,False,Low Risk
06085506305,6085506305,Santa Clara,10.9,24.3,4.8,66.7,11.4,11.2,27.8,2.8,6085506305.0,California,Santa Clara County,1.0,0.0,1.0,0.0,7012.24937546253,,,2072.54770697653,,,15.8,High Risk,False,High Risk: Disease Only
06085506401,6085506401,Santa Clara,6.2,22.9,3.8,67.4,8.0,8.2,23.3,2.0,6085506401.0,California,Santa Clara County,1.0,0.0,1.0,0.0,576.497728824615,,,94.2952441871166,,,12.879999999999999,Medium Risk,False,Low Risk
06085506402,6085506402,Santa Clara,7.4,24.4,4.7,66.9,10.4,9.5,25.6,2.5,6085506402.0,California,Santa Clara County,1.0,0.0,0.0,0.0,194.524407945573,,,23.2813775166869,,,14.319999999999999,Medium Risk,False,Low Risk
06085506502,6085506502,Santa Clara,5.2,22.8,4.0,66.2,9.8,7.8,25.9,2.1,6085506502.0,California,Santa Clara County,1.0,0.0,0.0,0.0,1239.83584896901,0.0958797708153725,,213.335776267764,0.010498708114028,,13.14,Medium Risk,False,Low Risk
06085506503,6085506503,Santa Clara,7.7,28.7,6.2,69.3,11.0,11.0,25.3,3.4,6085506503.0,California,Santa Clara County,1.0,0.0,0.0,0.0,1573.22517220676,,,390.307823857293,,,15.780000000000001,High Risk,False,High Risk: Disease Only
06085506504,6085506504,Santa Clara,14.4,19.9,3.7,62.0,13.7,9.4,29.4,2.2,,,,1.0,0.0,,,,,,,,,15.36,High Risk,False,High Risk: Disease Only
06085506505,6085506505,Santa Clara,10.9,23.2,4.4,66.2,10.4,10.2,26.9,2.5,,,,1.0,0.0,,,,,,,,,15.120000000000001,High Risk,False,High Risk: Disease Only
06085506601,6085506601,Santa Clara,6.2,24.6,4.6,68.1,9.4,9.8,23.2,2.5,6085506601.0,California,Santa Clara County,1.0,0.0,0.0,0.0,1597.88482621312,,,285.617487389594,,,13.680000000000001,Medium Risk,False,Low Risk
06085506603,6085506603,Santa Clara,4.2,25.5,4.9,70.6,7.9,9.8,21.6,2.5,6085506603.0,California,Santa Clara County,1.0,0.0,0.0,0.0,3004.91243545525,,,335.444349928061,,,13.2,Medium Risk,False,Low Risk
06085506604,6085506604,Santa Clara,3.5,23.4,4.1,71.0,5.4,8.5,20.1,2.0,6085506604.0,California,Santa Clara County,1.0,0.0,0.0,0.0,3725.38739575818,,,421.297576287761,,,11.92,Medium Risk,False,Low Risk
06085506605,6085506605,Santa Clara,7.0,23.9,4.5,67.1,10.1,9.9,23.5,2.5,6085506605.0,California,Santa Clara County,1.0,0.0,0.0,0.0,394.124683975242,,,88.1626255500596,,,13.76,Medium Risk,False,Low Risk
06085506606,6085506606,Santa Clara,6.4,25.1,4.6,68.7,8.5,9.7,23.3,2.4,6085506606.0,California,Santa Clara County,1.0,0.0,0.0,0.0,361.444847613573,,,95.1013494133949,,,13.820000000000002,Medium Risk,False,Low Risk
06085506701,6085506701,Santa Clara,3.9,25.6,4.9,70.5,7.8,9.9,22.0,2.5,6085506701.0,California,Santa Clara County,1.0,0.0,0.0,0.0,2499.05280777067,,,225.14409044222,,,13.26,Medium Risk,False,Low Risk
06085506702,6085506702,Santa Clara,6.3,24.6,5.0,67.8,11.2,10.0,25.1,2.7,6085506702.0,California,Santa Clara County,1.0,0.0,0.0,0.0,5449.96095466148,554.862393379211,,1131.2374335886,24.0511819422245,,14.2,Medium Risk,False,Low Risk
06085506703,6085506703,Santa Clara,4.5,25.7,4.6,71.1,7.0,8.9,23.3,2.4,6085506703.0,California,Santa Clara County,1.0,0.0,0.0,0.0,3207.18809141812,527.075815975666,,529.649042712015,35.3720773328096,,13.4,Medium Risk,False,Low Risk
06085506801,6085506801,Santa Clara,3.3,25.6,4.7,72.1,5.9,8.4,21.7,2.2,6085506801.0,California,Santa Clara County,1.0,0.0,0.0,0.0,1117.91815151356,,,119.381440433805,,,12.739999999999998,Medium Risk,False,Low Risk
06085506802,6085506802,Santa Clara,4.1,25.8,5.1,70.8,7.8,9.4,23.3,2.6,6085506802.0,California,Santa Clara County,1.0,0.0,0.0,0.0,2850.17898473144,,,226.753747912589,,,13.539999999999997,Medium Risk,False,Low Risk
06085506803,6085506803,Santa Clara,5.4,23.7,4.4,69.5,7.6,9.0,23.5,2.3,6085506803.0,California,Santa Clara County,1.0,0.0,0.0,0.0,5973.56490147579,651.290026515722,,887.097202728968,27.8166306181811,,13.2,Medium Risk,False,Low Risk
06085506804,6085506804,Santa Clara,3.1,26.3,5.1,71.8,7.3,9.1,23.0,2.5,6085506804.0,California,Santa Clara County,1.0,0.0,0.0,0.0,845.483716075774,,,46.192965271257,,,13.319999999999999,Medium Risk,False,Low Risk
06085506900,6085506900,Santa Clara,3.1,27.6,5.7,74.1,5.8,8.8,21.1,2.6,6085506900.0,California,Santa Clara County,1.0,0.0,0.0,0.0,6283.63752672554,3977.90340290312,,260.550213901057,175.614687171124,,13.26,Medium Risk,False,Low Risk
06085507002,6085507002,Santa Clara,2.8,31.2,6.9,73.5,8.6,10.6,25.1,3.2,6085507002.0,California,Santa Clara County,1.0,0.0,0.0,0.0,2799.99995845975,1150.2847805717,,266.914407187679,116.164454420169,,15.319999999999999,High Risk,False,High Risk: Disease Only
06085507003,6085507003,Santa Clara,2.6,27.7,5.6,74.1,5.6,9.2,22.3,2.6,,,,1.0,0.0,,,,,,,,,13.479999999999999,Medium Risk,False,Low Risk
06085507004,6085507004,Santa Clara,3.2,26.8,5.3,73.6,5.6,8.7,23.0,2.5,,,,1.0,0.0,,,,,,,,,13.4,Medium Risk,False,Low Risk
06085507100,6085507100,Santa Clara,4.0,22.9,4.2,69.2,7.4,7.8,24.3,2.1,6085507100.0,California,Santa Clara County,1.0,0.0,0.0,0.0,177.835074663162,,,29.405799716711,,,12.639999999999999,Medium Risk,False,Low Risk
06085507203,6085507203,Santa Clara,3.8,24.2,4.7,70.4,7.4,8.8,23.8,2.3,6085507203.0,California,Santa Clara County,1.0,0.0,0.0,0.0,1733.01257813722,0.0454758405685425,,160.76993362885,0.00544102489948273,,13.059999999999999,Medium Risk,False,Low Risk
06085507205,6085507205,Santa Clara,3.1,27.6,5.6,73.8,6.0,9.5,21.5,2.6,6085507205.0,California,Santa Clara County,1.0,0.0,0.0,0.0,2047.87717710435,50.29553642869,,222.179611317813,5.18119854107499,,13.459999999999999,Medium Risk,False,Low Risk
06085507206,6085507206,Santa Clara,2.7,28.4,5.9,74.4,5.7,9.8,21.3,2.7,6085507206.0,California,Santa Clara County,1.0,0.0,0.0,0.0,2337.67431380786,487.249839298427,,157.258412068055,45.6777988923714,,13.620000000000001,Medium Risk,False,Low Risk
06085507301,6085507301,Santa Clara,2.7,30.4,6.4,75.9,5.8,11.7,18.1,3.0,6085507301.0,California,Santa Clara County,1.0,0.0,0.0,0.0,6434.24565132806,5195.15763249609,,668.680032776265,556.89923041984,,13.86,Medium Risk,False,Low Risk
06085507302,6085507302,Santa Clara,2.9,29.3,6.3,75.7,5.5,10.6,19.6,2.9,6085507302.0,California,Santa Clara County,0.0,0.0,0.0,0.0,2724.9999887906,2724.9999887906,,200.540014486796,200.540014486796,,13.74,Medium Risk,False,Low Risk
06085507401,6085507401,Santa Clara,3.1,27.4,5.8,74.4,5.4,11.5,15.9,2.8,6085507401.0,California,Santa Clara County,1.0,0.0,0.0,0.0,5238.33436143468,243.93334596185,,270.433723069776,7.93762801693811,,12.74,Medium Risk,False,Low Risk
06085507402,6085507402,Santa Clara,3.1,28.0,5.6,72.9,6.7,11.0,20.1,2.8,6085507402.0,California,Santa Clara County,1.0,0.0,0.0,0.0,3113.41864263208,840.188250780106,,331.252212953026,110.682700991631,,13.559999999999999,Medium Risk,False,Low Risk
06085507500,6085507500,Santa Clara,2.5,27.3,5.1,74.2,5.5,11.5,15.9,2.5,6085507500.0,California,Santa Clara County,1.0,0.0,0.0,0.0,3988.28470162023,973.820312961005,,490.668197787367,113.99269359163,,12.459999999999999,Medium Risk,False,Low Risk
06085507600,6085507600,Santa Clara,2.7,27.5,5.6,74.7,5.9,11.5,17.7,2.7,6085507600.0,California,Santa Clara County,1.0,0.0,0.0,0.0,4641.93418264826,3078.4996287938,,172.038250594911,124.940818015835,,13.0,Medium Risk,False,Low Risk
06085507701,6085507701,Santa Clara,2.9,25.7,4.5,72.9,5.0,10.5,15.8,2.2,6085507701.0,California,Santa Clara County,1.0,0.0,0.0,0.0,2790.17888413789,281.709523916245,,312.843495161884,44.5742920935154,,11.879999999999999,Medium Risk,False,Low Risk
06085507702,6085507702,Santa Clara,2.6,26.2,4.6,74.5,4.5,11.0,14.9,2.2,6085507702.0,California,Santa Clara County,1.0,0.0,0.0,0.0,6125.9999844096,3028.83460925141,,397.908188808531,214.985722742796,,11.860000000000001,Medium Risk,False,Low Risk
06085507704,6085507704,Santa Clara,3.5,27.4,5.2,73.2,5.9,10.5,16.6,2.5,,,,1.0,0.0,,,,,,,,,12.639999999999999,Medium Risk,False,Low Risk
06085507705,6085507705,Santa Clara,3.3,27.0,5.3,72.8,6.2,11.2,17.8,2.6,,,,1.0,0.0,,,,,,,,,12.919999999999998,Medium Risk,False,Low Risk
06085507805,6085507805,Santa Clara,4.1,21.5,3.6,68.6,7.1,8.9,18.6,1.9,6085507805.0,California,Santa Clara County,1.0,0.0,0.0,0.0,2680.96084300429,,,326.721121832961,,,11.34,Medium Risk,False,Low Risk
06085507806,6085507806,Santa Clara,3.3,18.9,2.9,68.6,5.2,8.1,14.5,1.5,6085507806.0,California,Santa Clara County,1.0,0.0,0.0,0.0,870.417226791382,,,50.0931168794632,,,9.54,Low Risk,False,Low Risk
06085507807,6085507807,Santa Clara,2.6,21.8,3.4,70.8,5.1,9.7,13.7,1.8,6085507807.0,California,Santa Clara County,1.0,0.0,0.0,0.0,2150.391074799,,,52.1383382303175,,,10.239999999999998,Medium Risk,False,Low Risk
06085507808,6085507808,Santa Clara,2.8,23.4,3.9,71.7,5.6,10.3,15.0,2.0,6085507808.0,California,Santa Clara County,1.0,0.0,0.0,0.0,1501.29701423924,,,39.9155041874037,,,11.08,Medium Risk,False,Low Risk
06085507903,6085507903,Santa Clara,2.5,24.5,4.3,73.3,4.6,10.7,14.1,2.1,6085507903.0,California,Santa Clara County,1.0,0.0,0.0,0.0,3153.04239052818,15.7670106068254,,125.645597854532,0.141874721331988,,11.22,Medium Risk,False,Low Risk
06085507904,6085507904,Santa Clara,2.6,24.4,4.2,73.9,4.2,10.1,14.4,2.0,6085507904.0,California,Santa Clara County,1.0,0.0,0.0,0.0,2876.54161223024,,,140.251269931148,,,11.14,Medium Risk,False,Low Risk
06085507905,6085507905,Santa Clara,3.5,21.5,3.6,70.4,5.8,9.8,15.4,1.9,6085507905.0,California,Santa Clara County,1.0,0.0,0.0,0.0,1113.55431747437,,,99.3729901686311,,,10.76,Medium Risk,False,Low Risk
06085507906,6085507906,Santa Clara,2.5,24.1,3.9,73.0,4.2,10.2,14.1,1.9,6085507906.0,California,Santa Clara County,1.0,0.0,0.0,0.0,3328.52930171974,272.330968558788,,163.945675480601,13.5151446085656,,10.959999999999999,Medium Risk,False,Low Risk
06085508003,6085508003,Santa Clara,4.0,23.7,4.2,70.0,8.1,10.5,18.4,2.3,6085508003.0,California,Santa Clara County,1.0,0.0,0.0,0.0,,,,,,,12.16,Medium Risk,False,Low Risk
06085508004,6085508004,Santa Clara,3.5,20.2,3.3,68.5,6.3,8.8,16.1,1.7,6085508004.0,California,Santa Clara County,1.0,0.0,0.0,0.0,1691.1485980195,,,203.954100157323,,,10.38,Medium Risk,False,Low Risk
06085508005,6085508005,Santa Clara,2.8,23.4,4.2,71.6,5.5,9.5,16.0,2.1,,,,1.0,0.0,,,,,,,,,11.179999999999998,Medium Risk,False,Low Risk
06085508006,6085508006,Santa Clara,3.2,23.2,4.0,72.1,5.3,10.0,15.8,2.0,,,,1.0,0.0,,,,,,,,,11.24,Medium Risk,False,Low Risk
06085508101,6085508101,Santa Clara,2.6,21.8,3.5,70.4,5.4,8.8,15.3,1.8,6085508101.0,California,Santa Clara County,1.0,0.0,0.0,0.0,726.562666714191,,,51.8134694620967,,,10.400000000000002,Medium Risk,False,Low Risk
06085508102,6085508102,Santa Clara,3.1,18.8,3.0,67.5,5.5,7.2,16.1,1.6,6085508102.0,California,Santa Clara County,1.0,0.0,0.0,0.0,1842.17861133814,,,132.009276261553,,,9.64,Low Risk,False,Low Risk
06085508203,6085508203,Santa Clara,3.1,22.7,4.3,70.7,5.2,8.8,17.4,2.1,6085508203.0,California,Santa Clara County,1.0,0.0,0.0,0.0,3084.87083314732,,,144.037717917236,,,11.260000000000002,Medium Risk,False,Low Risk
06085508204,6085508204,Santa Clara,3.5,23.6,4.0,69.9,6.8,9.4,18.0,2.1,6085508204.0,California,Santa Clara County,1.0,0.0,0.0,0.0,1756.32553185523,,,162.997239591554,,,11.7,Medium Risk,False,Low Risk
06085508205,6085508205,Santa Clara,4.3,21.1,3.6,68.1,6.0,8.0,18.4,1.9,,,,1.0,0.0,,,,,,,,,11.08,Medium Risk,False,Low Risk
06085508206,6085508206,Santa Clara,3.4,23.6,4.1,70.3,6.9,9.0,19.2,2.1,,,,1.0,0.0,,,,,,,,,11.86,Medium Risk,False,Low Risk
06085508301,6085508301,Santa Clara,3.1,27.2,5.4,72.8,6.7,10.8,18.7,2.6,6085508301.0,California,Santa Clara County,1.0,0.0,0.0,0.0,2204.82198609225,,,142.948963291623,,,13.040000000000001,Medium Risk,False,Low Risk
06085508303,6085508303,Santa Clara,2.9,26.2,5.0,73.7,5.0,9.5,17.8,2.3,6085508303.0,California,Santa Clara County,1.0,0.0,0.0,0.0,1258.55205351114,,,87.5824950933456,,,12.28,Medium Risk,False,Low Risk
06085508305,6085508305,Santa Clara,5.1,21.2,3.2,67.1,8.0,9.1,19.5,1.9,,,,1.0,0.0,,,,,,,,,11.620000000000001,Medium Risk,False,Low Risk
06085508306,6085508306,Santa Clara,3.5,25.3,5.2,71.9,5.8,10.1,19.3,2.5,,,,1.0,0.0,,,,,,,,,12.680000000000001,Medium Risk,False,Low Risk
06085508401,6085508401,Santa Clara,3.4,23.5,4.2,70.1,6.5,8.8,19.2,2.1,6085508401.0,California,Santa Clara County,1.0,0.0,0.0,0.0,1798.12414960098,,,115.321424238151,,,11.82,Medium Risk,False,Low Risk
06085508403,6085508403,Santa Clara,3.3,27.3,5.5,72.7,7.1,10.1,19.2,2.7,6085508403.0,California,Santa Clara County,1.0,0.0,0.0,0.0,1026.14478516579,,,79.722920591943,,,13.079999999999998,Medium Risk,False,Low Risk
06085508404,6085508404,Santa Clara,3.5,22.7,4.0,70.0,5.7,8.4,19.0,2.0,6085508404.0,California,Santa Clara County,1.0,0.0,0.0,0.0,708.993705518544,,,75.4967081742361,,,11.52,Medium Risk,False,Low Risk
06085508503,6085508503,Santa Clara,4.3,18.9,3.1,66.7,6.5,7.3,17.6,1.7,6085508503.0,California,Santa Clara County,1.0,0.0,0.0,0.0,2580.70199255645,,,230.633931931108,,,10.239999999999998,Medium Risk,False,Low Risk
06085508505,6085508505,Santa Clara,3.7,22.6,4.1,69.6,5.4,8.5,18.1,2.1,6085508505.0,California,Santa Clara County,1.0,0.0,0.0,0.0,405.766853958368,,,45.6650803126395,,,11.400000000000002,Medium Risk,False,Low Risk
06085508507,6085508507,Santa Clara,4.3,15.5,2.3,64.4,5.3,5.9,16.7,1.3,6085508507.0,California,Santa Clara County,1.0,0.0,0.0,0.0,,,,,,,8.94,Low Risk,False,Low Risk
06085508508,6085508508,Santa Clara,8.0,20.8,3.9,67.2,6.8,9.0,20.1,2.1,6085508508.0,California,Santa Clara County,1.0,0.0,0.0,0.0,444.460069954395,,,50.9811775311828,,,12.36,Medium Risk,False,Low Risk
06085508509,6085508509,Santa Clara,5.1,17.9,2.8,64.3,6.5,6.6,16.6,1.5,,,,1.0,0.0,,,,,,,,,9.8,Low Risk,False,Low Risk
06085508510,6085508510,Santa Clara,6.7,19.0,3.3,65.1,8.2,8.0,19.6,1.8,,,,1.0,0.0,,,,,,,,,11.320000000000002,Medium Risk,False,Low Risk
06085508601,6085508601,Santa Clara,4.8,21.8,4.0,68.3,7.2,8.8,20.2,2.1,6085508601.0,California,Santa Clara County,1.0,0.0,0.0,0.0,980.473365751328,,,78.1845521246578,,,11.919999999999998,Medium Risk,False,Low Risk
06085508602,6085508602,Santa Clara,4.5,19.1,3.3,65.5,7.2,7.3,19.6,1.7,6085508602.0,California,Santa Clara County,1.0,0.0,0.0,0.0,1132.94899758941,,,163.465820098238,,,10.760000000000002,Medium Risk,False,Low Risk
06085508705,6085508705,Santa Clara,4.8,14.7,2.1,63.2,5.6,5.4,16.6,1.1,,,,1.0,0.0,,,,,,,,,8.719999999999999,Low Risk,False,Low Risk
06085508706,6085508706,Santa Clara,3.8,18.6,2.9,67.1,4.5,7.0,16.4,1.5,,,,1.0,0.0,,,,,,,,,9.739999999999998,Low Risk,False,Low Risk
06085508707,6085508707,Santa Clara,5.2,17.6,2.6,64.0,6.9,6.5,19.2,1.4,,,,1.0,0.0,,,,,,,,,10.22,Medium Risk,False,Low Risk
06085508708,6085508708,Santa Clara,3.6,12.0,1.4,61.1,5.4,4.3,15.1,0.9,,,,1.0,0.0,,,,,,,,,7.279999999999999,Low Risk,False,Low Risk
06085508800,6085508800,Santa Clara,9.0,18.9,3.1,62.9,9.0,7.6,22.7,1.7,6085508800.0,California,Santa Clara County,1.0,0.0,0.0,0.0,180.258002062968,,,62.8514639959467,,,12.26,Medium Risk,False,Low Risk
06085508900,6085508900,Santa Clara,8.3,21.2,3.7,66.3,7.3,9.3,22.1,2.0,6085508900.0,California,Santa Clara County,1.0,0.0,0.0,0.0,2.22180743515491,,,0.6033687107265,,,12.919999999999998,Medium Risk,False,Low Risk
06085509001,6085509001,Santa Clara,11.5,22.1,4.2,64.6,10.2,9.9,25.1,2.3,,,,1.0,0.0,,,,,,,,,14.560000000000002,Medium Risk,False,Low Risk
06085509002,6085509002,Santa Clara,9.3,22.6,4.3,64.8,10.9,10.1,24.6,2.4,,,,1.0,0.0,,,,,,,,,14.180000000000001,Medium Risk,False,Low Risk
06085509102,6085509102,Santa Clara,4.0,15.5,2.3,64.0,6.2,5.8,17.0,1.2,6085509102.0,California,Santa Clara County,1.0,0.0,0.0,0.0,4783.68229630962,321.419937133789,,371.188402376254,24.2322282791138,,8.92,Low Risk,False,Low Risk
06085509106,6085509106,Santa Clara,6.1,20.4,3.7,65.5,8.1,8.1,20.4,2.0,6085509106.0,California,Santa Clara County,1.0,0.0,0.0,0.0,1416.96821522713,,,82.1462613791227,,,11.74,Medium Risk,False,Low Risk
06085509107,6085509107,Santa Clara,6.1,13.9,1.9,61.3,7.2,5.4,20.1,1.1,6085509107.0,California,Santa Clara County,1.0,0.0,0.0,0.0,2543.51921319962,,,665.793195962906,,,9.48,Low Risk,False,Low Risk
06085509108,6085509108,Santa Clara,5.4,18.7,3.0,65.9,6.4,7.2,21.4,1.6,6085509108.0,California,Santa Clara County,1.0,0.0,0.0,0.0,4281.00003477558,1467.34986138344,,702.310676281224,280.843028277159,,11.139999999999999,Medium Risk,False,Low Risk
06085509109,6085509109,Santa Clara,4.6,17.0,2.5,64.5,6.5,6.3,18.9,1.4,6085509109.0,California,Santa Clara County,1.0,0.0,0.0,0.0,4346.00000885967,2958.53305138648,,369.953585361858,235.131691866554,,9.860000000000001,Low Risk,False,Low Risk
06085509110,6085509110,Santa Clara,4.0,17.4,2.8,64.6,6.6,5.8,18.4,1.4,,,,1.0,0.0,,,,,,,,,9.68,Low Risk,False,Low Risk
06085509111,6085509111,Santa Clara,5.5,23.1,4.7,68.5,7.8,9.2,21.5,2.5,,,,1.0,0.0,,,,,,,,,12.8,Medium Risk,False,Low Risk
06085509201,6085509201,Santa Clara,4.7,19.0,3.1,65.0,7.3,6.6,21.0,1.6,6085509201.0,California,Santa Clara County,1.0,0.0,0.0,0.0,2192.63084267802,0.00149866729043424,,345.232307712809,0.000263359193922952,,10.88,Medium Risk,False,Low Risk
06085509202,6085509202,Santa Clara,5.0,22.8,4.2,67.5,8.0,8.7,21.2,2.1,6085509202.0,California,Santa Clara County,1.0,0.0,0.0,0.0,345.175282478333,,,57.697573184967,,,12.379999999999999,Medium Risk,False,Low Risk
06085509302,6085509302,Santa Clara,3.9,25.6,5.0,71.4,6.4,9.0,21.8,2.4,6085509302.0,California,Santa Clara County,1.0,0.0,0.0,0.0,,,,,,,13.059999999999999,Medium Risk,False,Low Risk
06085509303,6085509303,Santa Clara,4.7,22.5,4.5,68.5,6.0,8.0,19.4,2.2,6085509303.0,California,Santa Clara County,1.0,0.0,0.0,0.0,,,,,,,11.82,Medium Risk,False,Low Risk
06085509304,6085509304,Santa Clara,6.3,18.8,3.5,64.3,9.7,8.2,22.7,2.0,6085509304.0,California,Santa Clara County,1.0,0.0,0.0,0.0,234.13402082026,,,70.9985844157636,,,11.9,Medium Risk,False,Low Risk
06085509401,6085509401,Santa Clara,5.1,19.8,3.6,65.0,9.7,8.1,22.0,2.0,6085509401.0,California,Santa Clara County,1.0,0.0,0.0,0.0,,,,,,,11.72,Medium Risk,False,Low Risk
06085509403,6085509403,Santa Clara,8.4,17.4,2.8,62.7,6.9,6.6,23.7,1.5,6085509403.0,California,Santa Clara County,1.0,0.0,1.0,0.0,2161.80388247967,,,788.83870485425,,,11.779999999999998,Medium Risk,False,Low Risk
06085509404,6085509404,Santa Clara,5.2,19.6,3.1,64.8,7.7,7.3,20.3,1.7,6085509404.0,California,Santa Clara County,1.0,0.0,0.0,0.0,,,,,,,11.100000000000001,Medium Risk,False,Low Risk
06085509500,6085509500,Santa Clara,7.6,17.9,3.0,64.0,8.0,6.9,23.6,1.6,6085509500.0,California,Santa Clara County,1.0,0.0,1.0,0.0,2527.90116119385,,,540.41433185339,,,11.8,Medium Risk,False,Low Risk
06085509600,6085509600,Santa Clara,4.3,18.8,3.1,65.5,6.7,6.7,21.6,1.7,6085509600.0,California,Santa Clara County,1.0,0.0,0.0,0.0,734.296732638642,,,91.0755640916541,,,10.9,Medium Risk,False,Low Risk
06085509700,6085509700,Santa Clara,3.8,20.4,3.5,67.6,5.7,6.8,22.0,1.7,6085509700.0,California,Santa Clara County,1.0,0.0,0.0,0.0,1920.97483390011,,,218.623205042211,,,11.299999999999999,Medium Risk,False,Low Risk
06085509801,6085509801,Santa Clara,3.7,23.4,4.1,69.4,6.2,8.2,21.3,2.1,6085509801.0,California,Santa Clara County,1.0,0.0,0.0,0.0,1598.72815993428,,,183.852948369458,,,12.14,Medium Risk,False,Low Risk
06085509802,6085509802,Santa Clara,3.9,22.8,4.3,70.3,5.8,8.4,20.7,2.1,6085509802.0,California,Santa Clara County,1.0,0.0,0.0,0.0,,,,,,,12.02,Medium Risk,False,Low Risk
06085509901,6085509901,Santa Clara,2.7,27.5,5.5,74.7,4.9,9.1,19.7,2.5,6085509901.0,California,Santa Clara County,1.0,0.0,0.0,0.0,192.826539695263,,,9.71569102630019,,,12.9,Medium Risk,False,Low Risk
06085509902,6085509902,Santa Clara,3.8,28.1,5.6,73.1,6.2,10.4,20.5,2.7,6085509902.0,California,Santa Clara County,1.0,0.0,0.0,0.0,2645.84580778982,126.963899612427,,248.987188252388,3.3387805223465,,13.679999999999998,Medium Risk,False,Low Risk
06085510001,6085510001,Santa Clara,2.4,27.4,5.4,74.2,5.1,9.7,19.4,2.5,6085510001.0,California,Santa Clara County,1.0,0.0,0.0,0.0,4013.73800696631,348.573647260666,,265.690845191881,43.9437385797501,,12.86,Medium Risk,False,Low Risk
06085510002,6085510002,Santa Clara,2.4,25.5,4.9,73.6,4.7,9.1,19.3,2.2,6085510002.0,California,Santa Clara County,1.0,0.0,0.0,0.0,1469.38789655268,,,71.3219093931839,,,12.239999999999998,Medium Risk,False,Low Risk
06085510100,6085510100,Santa Clara,2.8,29.3,5.9,75.6,4.9,10.4,20.2,2.7,6085510100.0,California,Santa Clara County,1.0,0.0,0.0,0.0,1832.84509035433,2.60054368758574,,156.573144161346,0.188033861311851,,13.719999999999999,Medium Risk,False,Low Risk
06085510200,6085510200,Santa Clara,2.7,26.4,5.2,73.5,5.5,9.3,19.9,2.4,6085510200.0,California,Santa Clara County,1.0,0.0,0.0,0.0,3803.56766067445,,,197.500517687964,,,12.7,Medium Risk,False,Low Risk
06085510300,6085510300,Santa Clara,2.4,27.3,5.1,74.5,4.3,8.9,19.8,2.3,6085510300.0,California,Santa Clara County,1.0,0.0,0.0,0.0,2012.62437493855,,,116.605978465484,,,12.7,Medium Risk,False,Low Risk
06085510400,6085510400,Santa Clara,2.5,24.0,4.5,71.9,5.4,8.6,19.3,2.1,6085510400.0,California,Santa Clara County,1.0,0.0,0.0,0.0,1368.45977583781,,,72.6777549378192,,,11.78,Medium Risk,False,Low Risk
06085510500,6085510500,Santa Clara,2.6,29.2,6.1,76.1,4.5,9.7,18.7,2.7,6085510500.0,California,Santa Clara County,1.0,0.0,0.0,0.0,2315.87252493203,,,130.395953229629,,,13.26,Medium Risk,False,Low Risk
06085510600,6085510600,Santa Clara,4.1,26.7,5.3,72.0,6.7,10.1,21.2,2.6,6085510600.0,California,Santa Clara County,1.0,0.0,0.0,0.0,5042.23365185875,154.555223345757,,518.263897328754,8.85880040051416,,13.479999999999999,Medium Risk,False,Low Risk
06085510700,6085510700,Santa Clara,3.3,21.1,3.7,69.3,4.9,7.8,18.6,1.9,6085510700.0,California,Santa Clara County,1.0,0.0,0.0,0.0,1143.67614884203,,,164.447253397124,,,10.9,Medium Risk,False,Low Risk
06085510801,6085510801,Santa Clara,2.8,26.1,5.1,73.8,5.0,9.6,17.7,2.4,6085510801.0,California,Santa Clara County,1.0,0.0,0.0,0.0,1883.11150954664,,,110.409566755174,,,12.26,Medium Risk,False,Low Risk
06085510802,6085510802,Santa Clara,3.2,28.7,5.9,73.4,6.9,10.3,20.9,2.9,6085510802.0,California,Santa Clara County,1.0,0.0,0.0,0.0,,,,,,,13.8,Medium Risk,False,Low Risk
06085510803,6085510803,Santa Clara,3.8,26.5,5.2,73.2,5.2,10.2,18.7,2.6,6085510803.0,California,Santa Clara County,1.0,0.0,0.0,0.0,,,,,,,12.879999999999999,Medium Risk,False,Low Risk
06085510900,6085510900,Santa Clara,3.3,23.9,4.5,71.1,5.5,8.6,19.5,2.2,6085510900.0,California,Santa Clara County,1.0,0.0,0.0,0.0,0.0,,,0.0,,,11.959999999999999,Medium Risk,False,Low Risk
06085511000,6085511000,Santa Clara,3.4,23.0,3.9,70.2,6.0,8.8,19.2,2.0,6085511000.0,California,Santa Clara County,1.0,0.0,0.0,0.0,2835.60609883629,,,250.696612349013,,,11.66,Medium Risk,False,Low Risk
06085511100,6085511100,Santa Clara,2.6,27.0,5.5,73.4,6.3,10.1,19.7,2.6,6085511100.0,California,Santa Clara County,1.0,0.0,0.0,0.0,2337.91620547441,,,157.83053469461,,,12.979999999999999,Medium Risk,False,Low Risk
06085511200,6085511200,Santa Clara,2.8,26.0,5.0,73.3,5.0,8.5,20.4,2.3,6085511200.0,California,Santa Clara County,1.0,0.0,0.0,0.0,2683.29519084003,,,204.698277621064,,,12.54,Medium Risk,False,Low Risk
06085511301,6085511301,Santa Clara,3.9,25.7,5.0,72.4,5.0,8.0,21.0,2.3,6085511301.0,California,Santa Clara County,1.0,0.0,0.0,0.0,825.818923121085,,,87.4223997796362,,,12.72,Medium Risk,False,Low Risk
06085511302,6085511302,Santa Clara,4.6,26.3,6.0,71.3,6.9,9.3,21.4,2.9,6085511302.0,California,Santa Clara County,1.0,0.0,0.0,0.0,,,,,,,13.52,Medium Risk,False,Low Risk
06085511400,6085511400,Santa Clara,2.5,25.6,5.0,73.0,5.1,8.7,20.0,2.3,6085511400.0,California,Santa Clara County,1.0,0.0,0.0,0.0,1548.74334794283,,,151.402107985399,,,12.360000000000001,Medium Risk,False,Low Risk
06085511501,6085511501,Santa Clara,3.7,24.4,4.5,70.4,5.9,8.2,21.1,2.2,,,,1.0,0.0,,,,,,,,,12.379999999999999,Medium Risk,False,Low Risk
06085511502,6085511502,Santa Clara,3.7,22.7,5.1,68.4,6.2,7.2,20.6,2.3,,,,1.0,0.0,,,,,,,,,11.860000000000003,Medium Risk,False,Low Risk
06085511608,6085511608,Santa Clara,8.3,8.7,1.1,56.9,9.0,2.4,21.8,0.7,6085511608.0,California,Santa Clara County,1.0,1.0,1.0,1.0,2687.00002729893,853.398009896278,,1122.09784394503,361.766561090946,,8.459999999999999,Low Risk,True,Moderate Risk: Desert Only
06085511609,6085511609,Santa Clara,3.5,24.1,5.4,70.7,4.3,7.2,18.5,2.5,6085511609.0,California,Santa Clara County,1.0,0.0,0.0,0.0,2917.82412028313,,,426.638364210725,,,11.74,Medium Risk,False,Low Risk
06085511701,6085511701,Santa Clara,2.7,29.0,5.9,74.8,5.1,10.1,19.4,2.6,6085511701.0,California,Santa Clara County,1.0,0.0,0.0,0.0,3605.31108039478,1679.52415201114,,298.952627798317,178.041583158076,,13.420000000000002,Medium Risk,False,Low Risk
06085511702,6085511702,Santa Clara,2.5,26.7,5.4,74.1,5.1,9.4,19.6,2.4,6085511702.0,California,Santa Clara County,1.0,0.0,0.0,0.0,1737.31410452833,26.8816332817078,,54.2232684345911,1.08255060017109,,12.720000000000002,Medium Risk,False,Low Risk
06085511704,6085511704,Santa Clara,2.4,29.1,6.1,76.0,4.7,10.5,18.8,2.7,6085511704.0,California,Santa Clara County,1.0,0.0,0.0,0.0,4520.00003288152,4444.40616561683,,230.529861140437,228.38769845562,,13.38,Medium Risk,False,Low Risk
06085511705,6085511705,Santa Clara,3.9,27.7,5.7,71.5,7.7,9.9,22.5,2.7,6085511705.0,California,Santa Clara County,1.0,0.0,0.0,0.0,992.700244032836,541.386564573331,,50.6479715524656,27.6217635466201,,13.940000000000001,Medium Risk,False,Low Risk
06085511707,6085511707,Santa Clara,3.4,32.6,7.5,76.8,5.6,10.9,20.0,3.3,6085511707.0,California,Santa Clara County,0.0,0.0,0.0,0.0,2883.68207088738,1620.25235895145,,230.781654015649,129.669121052707,,14.88,Medium Risk,False,Low Risk
06085511800,6085511800,Santa Clara,3.6,27.7,5.8,71.6,8.3,9.3,25.7,2.8,6085511800.0,California,Santa Clara County,1.0,0.0,0.0,0.0,3996.06118077795,3949.49305195998,,401.692999201765,394.600377331627,,14.419999999999998,Medium Risk,False,Low Risk
06085511905,6085511905,Santa Clara,3.3,25.8,4.9,72.4,6.3,9.7,19.5,2.4,6085511905.0,California,Santa Clara County,1.0,0.0,0.0,0.0,1401.84277216147,135.592652618885,,101.920251164433,9.85819329693913,,12.64,Medium Risk,False,Low Risk
06085511907,6085511907,Santa Clara,3.4,26.4,5.0,72.6,6.4,10.1,19.3,2.5,6085511907.0,California,Santa Clara County,1.0,0.0,0.0,0.0,1709.60040760599,100.758489608765,,81.6685768725583,3.16874313354492,,12.84,Medium Risk,False,Low Risk
06085511910,6085511910,Santa Clara,3.0,27.7,5.8,73.5,6.0,9.8,21.6,2.7,6085511910.0,California,Santa Clara County,1.0,0.0,0.0,0.0,2745.80951047689,293.580814778805,,230.161535784486,24.1448229327798,,13.580000000000002,Medium Risk,False,Low Risk
06085511911,6085511911,Santa Clara,4.1,28.5,5.8,72.1,8.4,10.7,23.7,2.9,6085511911.0,California,Santa Clara County,0.0,0.0,0.0,0.0,4367.53109349742,1466.263928568,,709.056291619594,228.074358281972,,14.559999999999999,Medium Risk,False,Low Risk
06085511912,6085511912,Santa Clara,2.9,25.8,4.8,73.3,5.4,10.4,18.1,2.3,6085511912.0,California,Santa Clara County,1.0,0.0,0.0,0.0,5440.00000503403,5440.00000503403,,290.345917326209,290.345917326209,,12.399999999999999,Medium Risk,False,Low Risk
06085511913,6085511913,Santa Clara,3.2,25.7,4.9,72.9,5.6,8.9,21.3,2.3,6085511913.0,California,Santa Clara County,1.0,0.0,0.0,0.0,2533.23458296456,57.9597075581551,,70.8705058819978,1.96686373883858,,12.8,Medium Risk,False,Low Risk
06085511914,6085511914,Santa Clara,3.2,28.1,5.7,73.5,6.3,10.1,21.4,2.7,6085511914.0,California,Santa Clara County,1.0,0.0,0.0,0.0,2294.75981854415,,,152.976433182543,,,13.700000000000003,Medium Risk,False,Low Risk
06085511915,6085511915,Santa Clara,11.2,25.7,5.5,68.9,10.0,11.3,27.6,3.1,6085511915.0,California,Santa Clara County,1.0,0.0,0.0,0.0,259.740154266357,,,109.897786617279,,,16.26,High Risk,False,High Risk: Disease Only
06085511916,6085511916,Santa Clara,5.0,25.3,4.7,70.8,7.7,9.8,23.3,2.4,6085511916.0,California,Santa Clara County,1.0,0.0,0.0,0.0,3697.01483246684,620.402186781168,,621.867822498083,124.6150511913,,13.62,Medium Risk,False,Low Risk
06085511917,6085511917,Santa Clara,2.7,26.4,4.8,74.0,5.3,10.9,17.8,2.3,,,,1.0,0.0,,,,,,,,,12.52,Medium Risk,False,Low Risk
06085511918,6085511918,Santa Clara,3.5,25.6,5.1,71.2,7.4,10.0,20.2,2.5,,,,1.0,0.0,,,,,,,,,12.88,Medium Risk,False,Low Risk
06085512001,6085512001,Santa Clara,5.8,24.2,4.4,69.9,8.0,11.1,22.0,2.4,6085512001.0,California,Santa Clara County,1.0,0.0,0.0,0.0,6525.5855262719,3863.28936550371,,487.684603178548,192.802753885367,,13.5,Medium Risk,False,Low Risk
06085512005,6085512005,Santa Clara,6.0,25.8,5.2,69.8,8.3,9.9,24.0,2.6,6085512005.0,California,Santa Clara County,1.0,0.0,0.0,0.0,3268.48978903424,,,332.768657369656,,,14.180000000000001,Medium Risk,False,Low Risk
06085512019,6085512019,Santa Clara,7.8,24.1,4.6,68.3,8.9,10.3,24.3,2.5,6085512019.0,California,Santa Clara County,1.0,0.0,0.0,0.0,829.228821948171,,,111.394411319867,,,14.220000000000002,Medium Risk,False,Low Risk
06085512021,6085512021,Santa Clara,6.9,24.5,4.3,68.9,7.8,10.0,22.4,2.3,6085512021.0,California,Santa Clara County,1.0,0.0,0.0,0.0,153.532544970512,,,19.9083209503442,,,13.620000000000001,Medium Risk,False,Low Risk
06085512022,6085512022,Santa Clara,12.5,28.0,6.0,66.5,14.1,13.7,27.0,3.5,6085512022.0,California,Santa Clara County,1.0,0.0,0.0,0.0,414.519154548645,,,140.730773329735,,,17.44,High Risk,False,High Risk: Disease Only
06085512023,6085512023,Santa Clara,10.3,22.5,3.9,64.9,10.3,9.7,26.6,2.2,6085512023.0,California,Santa Clara County,1.0,0.0,1.0,0.0,1557.7566986084,,,638.204419612885,,,14.6,Medium Risk,False,Low Risk
06085512024,6085512024,Santa Clara,6.9,25.3,4.6,69.1,9.6,9.8,25.5,2.5,6085512024.0,California,Santa Clara County,1.0,0.0,0.0,0.0,3442.43194264174,,,863.531617477536,,,14.420000000000002,Medium Risk,False,Low Risk
06085512025,6085512025,Santa Clara,6.0,27.7,5.8,71.3,8.0,10.8,22.8,2.9,6085512025.0,California,Santa Clara County,1.0,0.0,0.0,0.0,2834.03798284382,,,287.660394040169,,,14.620000000000001,Medium Risk,False,Low Risk
06085512026,6085512026,Santa Clara,6.7,23.7,4.1,68.3,7.9,9.6,24.1,2.2,6085512026.0,California,Santa Clara County,1.0,0.0,0.0,0.0,0.450313670560718,,,0.109134337864816,,,13.64,Medium Risk,False,Low Risk
06085512027,6085512027,Santa Clara,7.5,24.6,5.5,68.3,8.5,9.7,23.5,3.0,6085512027.0,California,Santa Clara County,1.0,0.0,0.0,0.0,0.0,,,0.0,,,14.160000000000002,Medium Risk,False,Low Risk
06085512029,6085512029,Santa Clara,6.7,24.4,4.6,67.8,9.8,9.8,25.1,2.4,6085512029.0,California,Santa Clara County,1.0,0.0,0.0,0.0,1768.54475584626,,,138.329894750379,,,14.12,Medium Risk,False,Low Risk
06085512030,6085512030,Santa Clara,5.3,25.9,4.8,70.1,8.0,9.9,23.4,2.4,6085512030.0,California,Santa Clara County,1.0,0.0,0.0,0.0,1877.39705176651,1.93202137947083,,135.447912444943,0.0565776340663433,,13.86,Medium Risk,False,Low Risk
06085512031,6085512031,Santa Clara,5.3,23.7,4.3,69.9,7.1,9.0,23.5,2.2,6085512031.0,California,Santa Clara County,1.0,0.0,0.0,0.0,4405.99997718632,2029.34284031391,,373.296725505963,97.0814541354775,,13.16,Medium Risk,False,Low Risk
06085512032,6085512032,Santa Clara,6.6,26.4,4.9,69.7,8.0,10.5,24.8,2.5,6085512032.0,California,Santa Clara County,1.0,0.0,0.0,0.0,2027.13588409498,0.0,,313.788827652577,0.0,,14.639999999999997,Medium Risk,False,Low Risk
06085512034,6085512034,Santa Clara,6.1,24.2,4.3,68.8,8.3,9.6,24.4,2.3,6085512034.0,California,Santa Clara County,1.0,0.0,0.0,0.0,509.145304150879,,,28.3764054905623,,,13.719999999999999,Medium Risk,False,Low Risk
06085512035,6085512035,Santa Clara,7.2,27.4,5.6,69.3,10.4,11.4,25.4,2.9,6085512035.0,California,Santa Clara County,1.0,0.0,0.0,0.0,4027.31709838659,323.237128965557,,254.801347704721,24.6166910225293,,15.4,High Risk,False,High Risk: Disease Only
06085512036,6085512036,Santa Clara,5.5,22.0,3.7,67.0,9.1,8.7,24.1,2.0,6085512036.0,California,Santa Clara County,1.0,0.0,0.0,0.0,2504.92393954098,,,190.416112774052,,,12.8,Medium Risk,False,Low Risk
06085512037,6085512037,Santa Clara,6.8,25.8,5.1,68.9,9.5,10.6,24.9,2.7,6085512037.0,California,Santa Clara County,1.0,0.0,0.0,0.0,1308.96528922766,,,112.423824882135,,,14.639999999999997,Medium Risk,False,Low Risk
06085512038,6085512038,Santa Clara,11.1,26.6,5.2,66.6,15.9,13.1,29.3,3.3,6085512038.0,California,Santa Clara County,1.0,0.0,1.0,0.0,2685.38932308003,87.2161471843719,,757.248477531326,24.5939366221428,,17.06,High Risk,False,High Risk: Disease Only
06085512039,6085512039,Santa Clara,10.4,24.8,4.7,66.9,11.2,12.3,23.0,2.8,6085512039.0,California,Santa Clara County,1.0,0.0,0.0,0.0,3688.06264192238,810.92945432663,,199.854313740972,23.9894033186138,,15.040000000000001,High Risk,False,High Risk: Disease Only
06085512042,6085512042,Santa Clara,11.7,25.4,4.9,67.8,9.7,12.3,24.0,2.7,6085512042.0,California,Santa Clara County,1.0,0.0,1.0,0.0,1466.83048442518,,,270.924518199812,,,15.66,High Risk,False,High Risk: Disease Only
06085512043,6085512043,Santa Clara,18.3,26.7,5.4,64.6,15.4,14.1,31.1,3.3,6085512043.0,California,Santa Clara County,1.0,0.0,1.0,0.0,999.1477766186,,,411.978876080364,,,19.119999999999997,High Risk,False,High Risk: Disease Only
06085512045,6085512045,Santa Clara,6.0,25.4,4.7,69.2,9.0,9.7,23.6,2.4,6085512045.0,California,Santa Clara County,1.0,0.0,0.0,0.0,922.878801289946,,,80.0692075116094,,,13.88,Medium Risk,False,Low Risk
06085512047,6085512047,Santa Clara,7.0,26.4,5.6,68.7,10.1,10.5,25.5,2.9,6085512047.0,California,Santa Clara County,1.0,0.0,0.0,0.0,3880.70114941429,,,493.006089916686,,,15.0,Medium Risk,False,Low Risk
06085512052,6085512052,Santa Clara,6.6,24.8,4.7,68.6,8.7,9.2,25.2,2.5,6085512052.0,California,Santa Clara County,1.0,0.0,0.0,0.0,630.010491490364,,,117.080823153257,,,14.099999999999998,Medium Risk,False,Low Risk
06085512053,6085512053,Santa Clara,8.9,26.0,5.1,68.9,9.4,10.6,26.7,2.7,6085512053.0,California,Santa Clara County,1.0,0.0,0.0,0.0,1697.75981676113,,,148.424876335426,,,15.460000000000003,High Risk,False,High Risk: Disease Only
06085512054,6085512054,Santa Clara,8.7,17.4,2.5,62.7,8.7,6.8,24.9,1.5,,,,1.0,0.0,,,,,,,,,12.059999999999999,Medium Risk,False,Low Risk
06085512055,6085512055,Santa Clara,10.2,24.2,5.0,67.8,10.2,11.4,23.0,2.7,,,,1.0,0.0,,,,,,,,,14.76,Medium Risk,False,Low Risk
06085512056,6085512056,Santa Clara,12.8,24.9,5.0,65.8,12.4,12.7,26.6,2.9,,,,1.0,0.0,,,,,,,,,16.4,High Risk,False,High Risk: Disease Only
06085512057,6085512057,Santa Clara,11.7,26.3,5.3,68.2,9.8,12.7,24.2,2.9,,,,1.0,0.0,,,,,,,,,16.04,High Risk,False,High Risk: Disease Only
06085512058,6085512058,Santa Clara,6.5,17.3,2.5,63.4,8.9,6.6,22.2,1.5,,,,1.0,0.0,,,,,,,,,11.02,Medium Risk,False,Low Risk
06085512059,6085512059,Santa Clara,5.4,23.4,4.3,69.1,7.1,9.1,22.9,2.2,,,,1.0,0.0,,,,,,,,,13.02,Medium Risk,False,Low Risk
06085512100,6085512100,Santa Clara,13.7,30.4,7.0,67.7,15.0,14.6,29.5,3.9,6085512100.0,California,Santa Clara County,1.0,0.0,0.0,0.0,1665.99999412196,1665.99999412196,,316.158816141803,316.158816141803,,19.04,High Risk,False,High Risk: Disease Only
06085512200,6085512200,Santa Clara,5.0,28.8,6.1,71.8,8.8,10.8,25.7,3.0,6085512200.0,California,Santa Clara County,0.0,0.0,0.0,0.0,4014.00002121829,4014.00002121829,,417.172803346412,417.172803346412,,15.279999999999998,High Risk,False,High Risk: Disease Only
06085512305,6085512305,Santa Clara,5.7,27.0,5.3,70.6,8.6,10.3,24.4,2.6,6085512305.0,California,Santa Clara County,1.0,0.0,0.0,0.0,3935.99996114173,2759.05372828641,,365.571762564396,242.145261301463,,14.540000000000001,Medium Risk,False,Low Risk
06085512307,6085512307,Santa Clara,7.0,30.0,6.6,71.2,10.2,11.6,28.0,3.4,6085512307.0,California,Santa Clara County,1.0,0.0,0.0,0.0,4815.38038119907,1962.49639251316,,659.173676825832,268.019732789486,,16.64,High Risk,False,High Risk: Disease Only
06085512308,6085512308,Santa Clara,4.6,25.3,4.7,70.5,7.6,9.4,24.2,2.3,6085512308.0,California,Santa Clara County,1.0,0.0,0.0,0.0,4818.02460874803,2287.51330745686,,747.920794730177,300.717387678858,,13.639999999999997,Medium Risk,False,Low Risk
06085512309,6085512309,Santa Clara,6.3,27.8,5.7,70.6,9.0,10.3,25.5,2.8,6085512309.0,California,Santa Clara County,1.0,0.0,0.0,0.0,4639.37581106136,3413.19452578109,,425.751698478911,289.630160496687,,15.12,High Risk,False,High Risk: Disease Only
06085512310,6085512310,Santa Clara,10.4,27.7,5.4,67.8,11.1,11.7,27.8,3.0,6085512310.0,California,Santa Clara County,1.0,0.0,1.0,0.0,1353.69570540713,184.880874156952,,363.566172466664,50.0557612478733,,16.6,High Risk,False,High Risk: Disease Only
06085512311,6085512311,Santa Clara,7.8,25.7,5.1,68.9,9.7,10.3,26.0,2.7,6085512311.0,California,Santa Clara County,1.0,0.0,0.0,0.0,2852.35695241776,634.484339307994,,409.92811460797,91.185280627571,,14.979999999999999,Medium Risk,False,Low Risk
06085512312,6085512312,Santa Clara,6.3,24.4,4.4,68.0,9.4,9.2,27.2,2.3,6085512312.0,California,Santa Clara County,1.0,0.0,0.0,0.0,502.434114217758,,,83.0147626847029,,,14.299999999999997,Medium Risk,False,Low Risk
06085512313,6085512313,Santa Clara,10.6,22.9,4.5,65.8,9.9,9.5,27.6,2.4,6085512313.0,California,Santa Clara County,1.0,0.0,1.0,0.0,1631.64308771491,22.2172430157661,,521.591863014735,7.51256118714809,,15.02,High Risk,False,High Risk: Disease Only
06085512314,6085512314,Santa Clara,9.4,24.9,5.0,66.9,10.6,10.2,28.1,2.7,6085512314.0,California,Santa Clara County,1.0,0.0,1.0,0.0,3014.40655337367,45.2642725035548,,612.211041559465,5.17055574245751,,15.52,High Risk,False,High Risk: Disease Only
06085512401,6085512401,Santa Clara,9.6,30.4,6.6,69.6,10.7,12.3,29.2,3.4,6085512401.0,California,Santa Clara County,1.0,0.0,0.0,0.0,4781.99996973597,4781.99996973597,,1274.75528834944,1274.75528834944,,17.619999999999997,High Risk,False,High Risk: Disease Only
06085512402,6085512402,Santa Clara,10.2,28.7,6.8,69.5,11.2,12.4,28.6,3.4,6085512402.0,California,Santa Clara County,1.0,0.0,0.0,0.0,5167.00003234262,5123.49951862509,,855.463502992285,848.031912472439,,17.34,High Risk,False,High Risk: Disease Only
06085512505,6085512505,Santa Clara,12.5,25.1,4.6,65.3,12.0,11.3,29.9,2.6,6085512505.0,California,Santa Clara County,1.0,0.0,0.0,0.0,5365.38074540347,1000.86084103957,,1307.3322614783,202.802500686375,,16.68,High Risk,False,High Risk: Disease Only
06085512509,6085512509,Santa Clara,8.9,22.9,4.1,67.3,8.2,9.6,26.6,2.2,6085512509.0,California,Santa Clara County,1.0,0.0,0.0,0.0,3213.58341328055,1088.65631788969,,557.858391907415,24.4428266212344,,14.419999999999998,Medium Risk,False,Low Risk
06085512510,6085512510,Santa Clara,10.0,27.5,6.1,69.9,9.4,11.4,27.1,3.1,6085512510.0,California,Santa Clara County,1.0,0.0,0.0,0.0,3291.80133440083,1459.66956997022,,545.477859292719,132.035291855525,,16.419999999999998,High Risk,False,High Risk: Disease Only
06085512511,6085512511,Santa Clara,10.7,29.5,6.6,70.3,9.9,12.7,29.4,3.4,,,,1.0,0.0,,,,,,,,,17.779999999999998,High Risk,False,High Risk: Disease Only
06085512512,6085512512,Santa Clara,17.6,24.5,5.2,64.7,12.2,11.5,31.0,2.8,,,,1.0,0.0,,,,,,,,,17.96,High Risk,False,High Risk: Disease Only
06085512513,6085512513,Santa Clara,13.3,21.5,4.0,64.7,9.3,9.8,29.3,2.2,,,,1.0,0.0,,,,,,,,,15.579999999999998,High Risk,False,High Risk: Disease Only
06085512514,6085512514,Santa Clara,13.0,23.5,4.4,65.2,11.8,11.2,29.9,2.5,,,,1.0,0.0,,,,,,,,,16.4,High Risk,False,High Risk: Disease Only
06085512515,6085512515,Santa Clara,7.1,25.4,4.9,68.8,9.7,10.1,25.8,2.6,,,,1.0,0.0,,,,,,,,,14.659999999999997,Medium Risk,False,Low Risk
06085512516,6085512516,Santa Clara,7.4,25.5,5.4,68.9,10.1,10.8,28.2,2.8,,,,1.0,0.0,,,,,,,,,15.460000000000003,High Risk,False,High Risk: Disease Only
06085512602,6085512602,Santa Clara,12.9,27.9,6.2,67.7,11.5,12.2,30.7,3.3,6085512602.0,California,Santa Clara County,0.0,0.0,0.0,0.0,2874.58648286844,2513.6858139721,,792.028949887179,663.033759996506,,17.98,High Risk,False,High Risk: Disease Only
06085512603,6085512603,Santa Clara,22.7,23.6,4.5,63.2,12.7,11.5,35.0,2.6,6085512603.0,California,Santa Clara County,1.0,0.0,1.0,0.0,625.548575938214,,,290.026657007518,,,19.46,High Risk,False,High Risk: Disease Only
06085512604,6085512604,Santa Clara,18.7,24.9,5.2,64.5,11.6,12.2,31.5,2.9,6085512604.0,California,Santa Clara County,1.0,0.0,1.0,0.0,2617.61419185251,144.793536148965,,1043.35780482832,45.2826532209292,,18.5,High Risk,False,High Risk: Disease Only
06085513000,6085513000,Santa Clara,6.8,9.9,1.2,58.1,8.8,2.6,22.5,0.8,6085513000.0,California,Santa Clara County,1.0,0.0,1.0,0.0,5941.20770290494,131.948867350817,,2769.38588897511,62.6895654797554,,8.6,Low Risk,False,Low Risk
06085513500,6085513500,Santa Clara,8.2,30.0,7.0,70.7,11.1,11.8,29.3,3.5,6085513500.0,California,Santa Clara County,0.0,0.0,0.0,0.0,1143.99999077824,1073.99999363927,246.393727765659,117.598683541135,110.402960007505,25.3283027014248,17.259999999999998,High Risk,False,High Risk: Disease Only
